Airport.Code,Airport.Name,Time.Label,Time.Month,Time.Month Name,Time.Year,Statistics.# of Delays.Carrier,Statistics.# of Delays.Late Aircraft,Statistics.# of Delays.National Aviation System,Statistics.# of Delays.Security,Statistics.# of Delays.Weather,Statistics.Carriers.Names,Statistics.Carriers.Total,Statistics.Flights.Cancelled,Statistics.Flights.Delayed,Statistics.Flights.Diverted,Statistics.Flights.On Time,Statistics.Flights.Total,Statistics.Minutes Delayed.Carrier,Statistics.Minutes Delayed.Late Aircraft,Statistics.Minutes Delayed.National Aviation System,Statistics.Minutes Delayed.Security,Statistics.Minutes Delayed.Total,Statistics.Minutes Delayed.Weather
ATL,"Atlanta, GA: Hartsfield-Jackson Atlanta International",2003/06,6,June,2003,1009,1275,3217,17,328,"American Airlines Inc.,JetBlue Airways,Continental Air Lines Inc.,Delta Air Lines Inc.,Atlantic Southeast Airlines,AirTran Airways Corporation,America West Airlines Inc.,Northwest Airlines Inc.,ExpressJet Airlines Inc.,United Air Lines Inc.,US Airways Inc.",11,216,5843,27,23974,30060,61606,68335,118831,518,268764,19474
BOS,"Boston, MA: Logan International",2003/06,6,June,2003,374,495,685,3,66,"American Airlines Inc.,Alaska Airlines Inc.,Continental Air Lines Inc.,Atlantic Coast Airlines,Delta Air Lines Inc.,Atlantic Southeast Airlines,AirTran Airways Corporation,America West Airlines Inc.,American Eagle Airlines Inc.,Northwest Airlines Inc.,ExpressJet Airlines Inc.,ATA Airlines d/b/a ATA,United Air Lines Inc.,US Airways Inc.",14,138,1623,3,7875,9639,20319,28189,24400,99,77167,4160
BWI,"Baltimore, MD: Baltimore/Washington International Thurgood Marshall",2003/06,6,June,2003,296,477,389,8,78,"American Airlines Inc.,Continental Air Lines Inc.,Delta Air Lines Inc.,AirTran Airways Corporation,America West Airlines Inc.,American Eagle Airlines Inc.,Northwest Airlines Inc.,ExpressJet Airlines Inc.,United Air Lines Inc.,US Airways Inc.,Southwest Airlines Co.",11,29,1245,15,6998,8287,13635,26810,17556,278,64480,6201
CLT,"Charlotte, NC: Charlotte Douglas International",2003/06,6,June,2003,300,472,735,2,54,"American Airlines Inc.,Continental Air Lines Inc.,Atlantic Coast Airlines,Delta Air Lines Inc.,Atlantic Southeast Airlines,American Eagle Airlines Inc.,Northwest Airlines Inc.,ExpressJet Airlines Inc.,ATA Airlines d/b/a ATA,United Air Lines Inc.,US Airways Inc.",11,73,1562,14,7021,8670,14763,23379,23804,127,65865,3792
DCA,"Washington, DC: Ronald Reagan Washington National",2003/06,6,June,2003,283,268,487,4,58,"American Airlines Inc.,Alaska Airlines Inc.,Continental Air Lines Inc.,Atlantic Coast Airlines,Delta Air Lines Inc.,Atlantic Southeast Airlines,America West Airlines Inc.,American Eagle Airlines Inc.,Northwest Airlines Inc.,ExpressJet Airlines Inc.,ATA Airlines d/b/a ATA,United Air Lines Inc.,US Airways Inc.",13,74,1100,18,5321,6513,13775,13712,20999,120,52747,4141
DEN,"Denver, CO: Denver International",2003/06,6,June,2003,516,323,664,11,98,"American Airlines Inc.,Alaska Airlines Inc.,JetBlue Airways,Continental Air Lines Inc.,Delta Air Lines Inc.,Atlantic Southeast Airlines,AirTran Airways Corporation,America West Airlines Inc.,Northwest Airlines Inc.,SkyWest Airlines Inc.,ATA Airlines d/b/a ATA,United Air Lines Inc.,US Airways Inc.",13,34,1611,22,10024,11691,26634,18969,23538,706,75428,5581
DFW,"Dallas/Fort Worth, TX: Dallas/Fort Worth International",2003/06,6,June,2003,986,1390,2147,19,258,"American Airlines Inc.,Continental Air Lines Inc.,Delta Air Lines Inc.,Atlantic Southeast Airlines,AirTran Airways Corporation,America West Airlines Inc.,American Eagle Airlines Inc.,Northwest Airlines Inc.,SkyWest Airlines Inc.,ExpressJet Airlines Inc.,ATA Airlines d/b/a ATA,United Air Lines Inc.,US Airways Inc.",13,394,4798,133,22303,27628,70918,80714,90574,683,263521,20632
DTW,"Detroit, MI: Detroit Metro Wayne County",2003/06,6,June,2003,376,371,570,6,71,"American Airlines Inc.,Continental Air Lines Inc.,Atlantic Coast Airlines,Delta Air Lines Inc.,America West Airlines Inc.,American Eagle Airlines Inc.,Northwest Airlines Inc.,ExpressJet Airlines Inc.,United Air Lines Inc.,US Airways Inc.,Southwest Airlines Co.",11,123,1395,9,10227,11754,21802,18715,16482,139,60667,3529
EWR,"Newark, NJ: Newark Liberty International",2003/06,6,June,2003,322,519,1948,10,121,"American Airlines Inc.,Alaska Airlines Inc.,Continental Air Lines Inc.,Atlantic Coast Airlines,Delta Air Lines Inc.,AirTran Airways Corporation,America West Airlines Inc.,American Eagle Airlines Inc.,Northwest Airlines Inc.,ExpressJet Airlines Inc.,ATA Airlines d/b/a ATA,United Air Lines Inc.,US Airways Inc.",13,102,2921,42,9441,12506,20190,30905,91048,490,150513,7880
FLL,"Fort Lauderdale, FL: Fort Lauderdale-Hollywood International",2003/06,6,June,2003,247,256,427,5,34,"American Airlines Inc.,JetBlue Airways,Continental Air Lines Inc.,Delta Air Lines Inc.,AirTran Airways Corporation,America West Airlines Inc.,Northwest Airlines Inc.,ATA Airlines d/b/a ATA,United Air Lines Inc.,US Airways Inc.,Southwest Airlines Co.",11,13,967,10,3672,4662,12547,14600,14935,141,44303,2080
IAD,"Washington, DC: Washington Dulles International",2003/06,6,June,2003,320,295,573,3,66,"American Airlines Inc.,Alaska Airlines Inc.,JetBlue Airways,Continental Air Lines Inc.,Atlantic Coast Airlines,Delta Air Lines Inc.,AirTran Airways Corporation,America West Airlines Inc.,American Eagle Airlines Inc.,Northwest Airlines Inc.,ExpressJet Airlines Inc.,United Air Lines Inc.,US Airways Inc.",13,101,1256,35,7027,8419,16754,18074,25807,182,65529,4712
IAH,"Houston, TX: George Bush Intercontinental/Houston",2003/06,6,June,2003,329,730,1405,15,123,"American Airlines Inc.,Continental Air Lines Inc.,Delta Air Lines Inc.,Atlantic Southeast Airlines,America West Airlines Inc.,American Eagle Airlines Inc.,Northwest Airlines Inc.,SkyWest Airlines Inc.,ExpressJet Airlines Inc.,United Air Lines Inc.,US Airways Inc.,Southwest Airlines Co.",12,91,2601,173,12686,15551,21782,43428,56414,577,134182,11981
JFK,"New York, NY: John F. Kennedy International",2003/06,6,June,2003,376,226,394,21,28,"American Airlines Inc.,JetBlue Airways,Continental Air Lines Inc.,Atlantic Coast Airlines,Delta Air Lines Inc.,Atlantic Southeast Airlines,America West Airlines Inc.,American Eagle Airlines Inc.,Northwest Airlines Inc.,ExpressJet Airlines Inc.,United Air Lines Inc.",11,24,1046,13,4695,5778,22029,11593,14103,659,50335,1951
LAS,"Las Vegas, NV: McCarran International",2003/06,6,June,2003,511,678,624,17,64,"American Airlines Inc.,Alaska Airlines Inc.,JetBlue Airways,Continental Air Lines Inc.,Delta Air Lines Inc.,America West Airlines Inc.,Northwest Airlines Inc.,SkyWest Airlines Inc.,ATA Airlines d/b/a ATA,United Air Lines Inc.,US Airways Inc.,Southwest Airlines Co.",12,39,1893,6,9821,11759,24293,31043,19561,808,79533,3828
LAX,"Los Angeles, CA: Los Angeles International",2003/06,6,June,2003,830,765,842,37,97,"American Airlines Inc.,Alaska Airlines Inc.,Continental Air Lines Inc.,Delta Air Lines Inc.,America West Airlines Inc.,American Eagle Airlines Inc.,Northwest Airlines Inc.,SkyWest Airlines Inc.,ATA Airlines d/b/a ATA,United Air Lines Inc.,US Airways Inc.,Southwest Airlines Co.",12,101,2571,10,15780,18462,40089,39655,26162,2559,114434,5969
LGA,"New York, NY: LaGuardia",2003/06,6,June,2003,302,338,867,4,94,"American Airlines Inc.,Continental Air Lines Inc.,Atlantic Coast Airlines,Delta Air Lines Inc.,AirTran Airways Corporation,American Eagle Airlines Inc.,Northwest Airlines Inc.,ExpressJet Airlines Inc.,ATA Airlines d/b/a ATA,United Air Lines Inc.,US Airways Inc.",11,121,1604,22,7161,8908,17384,18954,41007,191,82859,5323
MCO,"Orlando, FL: Orlando International",2003/06,6,June,2003,368,434,535,3,48,"American Airlines Inc.,Alaska Airlines Inc.,JetBlue Airways,Continental Air Lines Inc.,Delta Air Lines Inc.,AirTran Airways Corporation,America West Airlines Inc.,Northwest Airlines Inc.,ATA Airlines d/b/a ATA,United Air Lines Inc.,US Airways Inc.,Southwest Airlines Co.",12,9,1388,9,6211,7617,17707,26116,18073,56,65140,3188
MDW,"Chicago, IL: Chicago Midway International",2003/06,6,June,2003,180,411,311,12,39,"American Airlines Inc.,Continental Air Lines Inc.,Atlantic Coast Airlines,Delta Air Lines Inc.,AirTran Airways Corporation,Northwest Airlines Inc.,ExpressJet Airlines Inc.,ATA Airlines d/b/a ATA,Southwest Airlines Co.",9,47,951,6,6057,7061,8535,20938,10702,331,42962,2456
MIA,"Miami, FL: Miami International",2003/06,6,June,2003,247,210,585,2,66,"American Airlines Inc.,Alaska Airlines Inc.,Continental Air Lines Inc.,Delta Air Lines Inc.,AirTran Airways Corporation,America West Airlines Inc.,Northwest Airlines Inc.,ExpressJet Airlines Inc.,ATA Airlines d/b/a ATA,United Air Lines Inc.,US Airways Inc.",11,28,1105,22,3745,4900,12609,12700,22976,66,52191,3840
MSP,"Minneapolis, MN: Minneapolis-St Paul International",2003/06,6,June,2003,428,376,759,9,106,"American Airlines Inc.,Continental Air Lines Inc.,Delta Air Lines Inc.,AirTran Airways Corporation,America West Airlines Inc.,Northwest Airlines Inc.,SkyWest Airlines Inc.,ExpressJet Airlines Inc.,ATA Airlines d/b/a ATA,United Air Lines Inc.,US Airways Inc.",11,101,1678,11,10404,12194,27468,20994,23137,529,78259,6131
ORD,"Chicago, IL: Chicago O'Hare International",2003/06,6,June,2003,801,982,2947,11,157,"American Airlines Inc.,Alaska Airlines Inc.,Continental Air Lines Inc.,Atlantic Coast Airlines,Delta Air Lines Inc.,Atlantic Southeast Airlines,America West Airlines Inc.,American Eagle Airlines Inc.,Northwest Airlines Inc.,ExpressJet Airlines Inc.,United Air Lines Inc.,US Airways Inc.",12,261,4899,38,24997,30195,54296,55855,135851,604,257007,10401
PDX,"Portland, OR: Portland International",2003/06,6,June,2003,193,248,213,11,22,"American Airlines Inc.,Alaska Airlines Inc.,Continental Air Lines Inc.,Delta Air Lines Inc.,America West Airlines Inc.,Northwest Airlines Inc.,SkyWest Airlines Inc.,United Air Lines Inc.,Southwest Airlines Co.",9,17,684,5,4040,4746,8260,11909,5943,505,27645,1028
PHL,"Philadelphia, PA: Philadelphia International",2003/06,6,June,2003,338,565,1083,1,64,"American Airlines Inc.,Continental Air Lines Inc.,Atlantic Coast Airlines,Delta Air Lines Inc.,AirTran Airways Corporation,America West Airlines Inc.,American Eagle Airlines Inc.,Northwest Airlines Inc.,ExpressJet Airlines Inc.,ATA Airlines d/b/a ATA,United Air Lines Inc.,US Airways Inc.",12,83,2049,20,6917,9069,16478,31005,45538,21,97173,4131
PHX,"Phoenix, AZ: Phoenix Sky Harbor International",2003/06,6,June,2003,491,569,664,19,41,"American Airlines Inc.,Alaska Airlines Inc.,Continental Air Lines Inc.,Delta Air Lines Inc.,America West Airlines Inc.,Northwest Airlines Inc.,SkyWest Airlines Inc.,ExpressJet Airlines Inc.,ATA Airlines d/b/a ATA,United Air Lines Inc.,US Airways Inc.,Southwest Airlines Co.",12,57,1783,10,12158,14008,26512,27458,18673,768,76031,2620
SAN,"San Diego, CA: San Diego International",2003/06,6,June,2003,324,349,341,8,30,"American Airlines Inc.,Alaska Airlines Inc.,JetBlue Airways,Continental Air Lines Inc.,Delta Air Lines Inc.,America West Airlines Inc.,American Eagle Airlines Inc.,Northwest Airlines Inc.,SkyWest Airlines Inc.,United Air Lines Inc.,US Airways Inc.,Southwest Airlines Co.",12,20,1052,4,5775,6851,15034,15747,10449,223,43215,1762
SEA,"Seattle, WA: Seattle/Tacoma International",2003/06,6,June,2003,448,552,454,28,36,"American Airlines Inc.,Alaska Airlines Inc.,JetBlue Airways,Continental Air Lines Inc.,Delta Air Lines Inc.,America West Airlines Inc.,Northwest Airlines Inc.,SkyWest Airlines Inc.,ATA Airlines d/b/a ATA,United Air Lines Inc.,US Airways Inc.,Southwest Airlines Co.",12,63,1516,9,7658,9246,22647,28119,13860,1097,68673,2950
SFO,"San Francisco, CA: San Francisco International",2003/06,6,June,2003,416,312,1080,14,59,"American Airlines Inc.,Alaska Airlines Inc.,Continental Air Lines Inc.,Delta Air Lines Inc.,America West Airlines Inc.,American Eagle Airlines Inc.,Northwest Airlines Inc.,SkyWest Airlines Inc.,ATA Airlines d/b/a ATA,United Air Lines Inc.,US Airways Inc.",11,83,1880,9,8211,10183,22673,17879,45407,1138,90487,3390
SLC,"Salt Lake City, UT: Salt Lake City International",2003/06,6,June,2003,363,290,352,15,36,"American Airlines Inc.,JetBlue Airways,Continental Air Lines Inc.,Delta Air Lines Inc.,Atlantic Southeast Airlines,America West Airlines Inc.,Northwest Airlines Inc.,SkyWest Airlines Inc.,United Air Lines Inc.,Southwest Airlines Co.",10,34,1057,0,9491,10582,16227,13883,10512,556,42863,1685
TPA,"Tampa, FL: Tampa International",2003/06,6,June,2003,226,327,524,3,42,"American Airlines Inc.,JetBlue Airways,Continental Air Lines Inc.,Delta Air Lines Inc.,AirTran Airways Corporation,America West Airlines Inc.,Northwest Airlines Inc.,ExpressJet Airlines Inc.,United Air Lines Inc.,US Airways Inc.,Southwest Airlines Co.",11,12,1122,11,4256,5401,11012,18558,19078,112,51364,2604
ATL,"Atlanta, GA: Hartsfield-Jackson Atlanta International",2003/07,7,July,2003,1259,1791,4022,13,367,"American Airlines Inc.,JetBlue Airways,Continental Air Lines Inc.,Delta Air Lines Inc.,Atlantic Southeast Airlines,AirTran Airways Corporation,America West Airlines Inc.,Northwest Airlines Inc.,ExpressJet Airlines Inc.,United Air Lines Inc.,US Airways Inc.",11,484,7452,71,22868,30875,87261,116728,184740,356,418274,29189
BOS,"Boston, MA: Logan International",2003/07,7,July,2003,450,587,609,0,61,"American Airlines Inc.,Alaska Airlines Inc.,Continental Air Lines Inc.,Atlantic Coast Airlines,Delta Air Lines Inc.,Atlantic Southeast Airlines,AirTran Airways Corporation,America West Airlines Inc.,American Eagle Airlines Inc.,Northwest Airlines Inc.,ExpressJet Airlines Inc.,ATA Airlines d/b/a ATA,United Air Lines Inc.,US Airways Inc.",14,226,1710,3,8033,9972,28610,36619,26923,10,97186,5024
BWI,"Baltimore, MD: Baltimore/Washington International Thurgood Marshall",2003/07,7,July,2003,387,646,544,4,102,"American Airlines Inc.,Continental Air Lines Inc.,Delta Air Lines Inc.,AirTran Airways Corporation,America West Airlines Inc.,American Eagle Airlines Inc.,Northwest Airlines Inc.,ExpressJet Airlines Inc.,United Air Lines Inc.,US Airways Inc.,Southwest Airlines Co.",11,57,1679,20,6855,8611,18395,42876,28654,81,100157,10151
CLT,"Charlotte, NC: Charlotte Douglas International",2003/07,7,July,2003,335,542,945,0,74,"American Airlines Inc.,Continental Air Lines Inc.,Atlantic Coast Airlines,Delta Air Lines Inc.,Atlantic Southeast Airlines,American Eagle Airlines Inc.,Northwest Airlines Inc.,ExpressJet Airlines Inc.,ATA Airlines d/b/a ATA,United Air Lines Inc.,US Airways Inc.",11,163,1895,24,6883,8965,17830,32502,37630,0,94531,6569
DCA,"Washington, DC: Ronald Reagan Washington National",2003/07,7,July,2003,343,270,573,3,74,"American Airlines Inc.,Alaska Airlines Inc.,Continental Air Lines Inc.,Atlantic Coast Airlines,Delta Air Lines Inc.,Atlantic Southeast Airlines,America West Airlines Inc.,American Eagle Airlines Inc.,Northwest Airlines Inc.,ExpressJet Airlines Inc.,ATA Airlines d/b/a ATA,United Air Lines Inc.,US Airways Inc.",13,181,1260,13,5241,6695,17776,18002,25897,111,67839,6053
DEN,"Denver, CO: Denver International",2003/07,7,July,2003,562,434,646,2,111,"American Airlines Inc.,Alaska Airlines Inc.,JetBlue Airways,Continental Air Lines Inc.,Delta Air Lines Inc.,Atlantic Southeast Airlines,AirTran Airways Corporation,America West Airlines Inc.,Northwest Airlines Inc.,SkyWest Airlines Inc.,ATA Airlines d/b/a ATA,United Air Lines Inc.,US Airways Inc.",13,71,1753,9,10869,12702,29155,30028,25912,87,91893,6711
DFW,"Dallas/Fort Worth, TX: Dallas/Fort Worth International",2003/07,7,July,2003,1216,1443,2081,18,244,"American Airlines Inc.,Continental Air Lines Inc.,Delta Air Lines Inc.,Atlantic Southeast Airlines,AirTran Airways Corporation,America West Airlines Inc.,American Eagle Airlines Inc.,Northwest Airlines Inc.,SkyWest Airlines Inc.,ExpressJet Airlines Inc.,ATA Airlines d/b/a ATA,United Air Lines Inc.,US Airways Inc.",13,274,5003,64,22982,28323,78047,83156,80740,447,258631,16241
DTW,"Detroit, MI: Detroit Metro Wayne County",2003/07,7,July,2003,475,448,816,4,145,"American Airlines Inc.,Continental Air Lines Inc.,Atlantic Coast Airlines,Delta Air Lines Inc.,Atlantic Southeast Airlines,America West Airlines Inc.,American Eagle Airlines Inc.,Northwest Airlines Inc.,ExpressJet Airlines Inc.,United Air Lines Inc.,US Airways Inc.,Southwest Airlines Co.",12,175,1891,22,10104,12192,33660,26421,30809,137,103913,12886
EWR,"Newark, NJ: Newark Liberty International",2003/07,7,July,2003,410,706,1665,11,125,"American Airlines Inc.,Alaska Airlines Inc.,Continental Air Lines Inc.,Atlantic Coast Airlines,Delta Air Lines Inc.,AirTran Airways Corporation,America West Airlines Inc.,American Eagle Airlines Inc.,Northwest Airlines Inc.,ExpressJet Airlines Inc.,ATA Airlines d/b/a ATA,United Air Lines Inc.,US Airways Inc.",13,285,2917,59,9797,13058,27536,45894,95872,295,180839,11242
FLL,"Fort Lauderdale, FL: Fort Lauderdale-Hollywood International",2003/07,7,July,2003,262,328,412,6,35,"American Airlines Inc.,JetBlue Airways,Continental Air Lines Inc.,Delta Air Lines Inc.,AirTran Airways Corporation,America West Airlines Inc.,Northwest Airlines Inc.,ATA Airlines d/b/a ATA,United Air Lines Inc.,US Airways Inc.,Southwest Airlines Co.",11,19,1041,1,3785,4846,13333,21007,15824,172,52714,2378
IAD,"Washington, DC: Washington Dulles International",2003/07,7,July,2003,395,406,671,10,84,"American Airlines Inc.,Alaska Airlines Inc.,JetBlue Airways,Continental Air Lines Inc.,Atlantic Coast Airlines,Delta Air Lines Inc.,AirTran Airways Corporation,America West Airlines Inc.,American Eagle Airlines Inc.,Northwest Airlines Inc.,ExpressJet Airlines Inc.,United Air Lines Inc.,US Airways Inc.",13,217,1567,14,6990,8788,22887,26373,35084,309,92720,8067
IAH,"Houston, TX: George Bush Intercontinental/Houston",2003/07,7,July,2003,441,960,1506,9,115,"American Airlines Inc.,Continental Air Lines Inc.,Delta Air Lines Inc.,Atlantic Southeast Airlines,America West Airlines Inc.,American Eagle Airlines Inc.,Northwest Airlines Inc.,SkyWest Airlines Inc.,ExpressJet Airlines Inc.,United Air Lines Inc.,US Airways Inc.,Southwest Airlines Co.",12,90,3031,77,13269,16467,27204,52723,52976,221,141506,8382
JFK,"New York, NY: John F. Kennedy International",2003/07,7,July,2003,347,231,455,12,39,"American Airlines Inc.,JetBlue Airways,Continental Air Lines Inc.,Atlantic Coast Airlines,Delta Air Lines Inc.,Atlantic Southeast Airlines,America West Airlines Inc.,American Eagle Airlines Inc.,Northwest Airlines Inc.,ExpressJet Airlines Inc.,United Air Lines Inc.",11,32,1082,24,5067,6205,21108,13117,16836,362,54400,2977
LAS,"Las Vegas, NV: McCarran International",2003/07,7,July,2003,560,760,570,8,99,"American Airlines Inc.,Alaska Airlines Inc.,JetBlue Airways,Continental Air Lines Inc.,Delta Air Lines Inc.,Atlantic Southeast Airlines,America West Airlines Inc.,Northwest Airlines Inc.,SkyWest Airlines Inc.,ATA Airlines d/b/a ATA,United Air Lines Inc.,US Airways Inc.,Southwest Airlines Co.",13,73,1998,52,10083,12206,30498,44219,26557,210,110270,8786
LAX,"Los Angeles, CA: Los Angeles International",2003/07,7,July,2003,864,807,557,12,141,"American Airlines Inc.,Alaska Airlines Inc.,Continental Air Lines Inc.,Delta Air Lines Inc.,America West Airlines Inc.,American Eagle Airlines Inc.,Northwest Airlines Inc.,SkyWest Airlines Inc.,ATA Airlines d/b/a ATA,United Air Lines Inc.,US Airways Inc.,Southwest Airlines Co.",12,145,2380,10,16760,19295,45717,47458,23552,224,126984,10033
LGA,"New York, NY: LaGuardia",2003/07,7,July,2003,336,434,1060,0,105,"American Airlines Inc.,Continental Air Lines Inc.,Atlantic Coast Airlines,Delta Air Lines Inc.,AirTran Airways Corporation,American Eagle Airlines Inc.,Northwest Airlines Inc.,ExpressJet Airlines Inc.,ATA Airlines d/b/a ATA,United Air Lines Inc.,US Airways Inc.",11,285,1934,63,7012,9294,20643,27725,61204,12,117366,7782
MCO,"Orlando, FL: Orlando International",2003/07,7,July,2003,451,519,797,3,63,"American Airlines Inc.,Alaska Airlines Inc.,JetBlue Airways,Continental Air Lines Inc.,Delta Air Lines Inc.,AirTran Airways Corporation,America West Airlines Inc.,Northwest Airlines Inc.,ATA Airlines d/b/a ATA,United Air Lines Inc.,US Airways Inc.,Southwest Airlines Co.",12,19,1834,10,6163,8026,24063,34566,32395,60,95295,4211
MDW,"Chicago, IL: Chicago Midway International",2003/07,7,July,2003,236,559,637,14,86,"American Airlines Inc.,Continental Air Lines Inc.,Atlantic Coast Airlines,Delta Air Lines Inc.,AirTran Airways Corporation,Northwest Airlines Inc.,ExpressJet Airlines Inc.,ATA Airlines d/b/a ATA,Southwest Airlines Co.",9,62,1531,51,5655,7299,13792,38121,35400,370,95992,8309
MIA,"Miami, FL: Miami International",2003/07,7,July,2003,315,268,588,4,41,"American Airlines Inc.,Alaska Airlines Inc.,Continental Air Lines Inc.,Delta Air Lines Inc.,AirTran Airways Corporation,America West Airlines Inc.,American Eagle Airlines Inc.,Northwest Airlines Inc.,ExpressJet Airlines Inc.,ATA Airlines d/b/a ATA,United Air Lines Inc.,US Airways Inc.",12,44,1216,17,3849,5126,20847,19233,22787,121,66719,3731
MSP,"Minneapolis, MN: Minneapolis-St Paul International",2003/07,7,July,2003,531,428,860,6,108,"American Airlines Inc.,Continental Air Lines Inc.,Delta Air Lines Inc.,AirTran Airways Corporation,America West Airlines Inc.,Northwest Airlines Inc.,SkyWest Airlines Inc.,ExpressJet Airlines Inc.,ATA Airlines d/b/a ATA,United Air Lines Inc.,US Airways Inc.",11,141,1930,13,10766,12850,33129,28529,32299,153,102280,8170
ORD,"Chicago, IL: Chicago O'Hare International",2003/07,7,July,2003,961,1728,4305,8,258,"American Airlines Inc.,Alaska Airlines Inc.,Continental Air Lines Inc.,Atlantic Coast Airlines,Delta Air Lines Inc.,Atlantic Southeast Airlines,America West Airlines Inc.,American Eagle Airlines Inc.,Northwest Airlines Inc.,ExpressJet Airlines Inc.,United Air Lines Inc.,US Airways Inc.",12,1258,7259,135,22693,31345,75266,137519,314331,201,551568,24251
PDX,"Portland, OR: Portland International",2003/07,7,July,2003,224,332,126,7,26,"American Airlines Inc.,Alaska Airlines Inc.,Continental Air Lines Inc.,Delta Air Lines Inc.,America West Airlines Inc.,Northwest Airlines Inc.,SkyWest Airlines Inc.,United Air Lines Inc.,Southwest Airlines Co.",9,25,716,2,4273,5016,10823,19298,4604,180,36851,1946
PHL,"Philadelphia, PA: Philadelphia International",2003/07,7,July,2003,399,634,1130,1,93,"American Airlines Inc.,Continental Air Lines Inc.,Atlantic Coast Airlines,Delta Air Lines Inc.,AirTran Airways Corporation,America West Airlines Inc.,American Eagle Airlines Inc.,Northwest Airlines Inc.,ExpressJet Airlines Inc.,ATA Airlines d/b/a ATA,United Air Lines Inc.,US Airways Inc.",12,198,2257,21,6876,9352,19469,41424,52527,15,121153,7718
PHX,"Phoenix, AZ: Phoenix Sky Harbor International",2003/07,7,July,2003,593,743,498,8,66,"American Airlines Inc.,Alaska Airlines Inc.,Continental Air Lines Inc.,Delta Air Lines Inc.,America West Airlines Inc.,Northwest Airlines Inc.,SkyWest Airlines Inc.,ExpressJet Airlines Inc.,ATA Airlines d/b/a ATA,United Air Lines Inc.,US Airways Inc.,Southwest Airlines Co.",12,96,1909,27,12378,14410,35809,46071,18713,181,105513,4739
SAN,"San Diego, CA: San Diego International",2003/07,7,July,2003,381,386,340,3,44,"American Airlines Inc.,Alaska Airlines Inc.,JetBlue Airways,Continental Air Lines Inc.,Delta Air Lines Inc.,America West Airlines Inc.,American Eagle Airlines Inc.,Northwest Airlines Inc.,SkyWest Airlines Inc.,United Air Lines Inc.,US Airways Inc.,Southwest Airlines Co.",12,34,1155,14,5974,7177,17465,21781,12051,83,54624,3244
SEA,"Seattle, WA: Seattle/Tacoma International",2003/07,7,July,2003,506,637,421,26,67,"American Airlines Inc.,Alaska Airlines Inc.,JetBlue Airways,Continental Air Lines Inc.,Delta Air Lines Inc.,America West Airlines Inc.,Northwest Airlines Inc.,SkyWest Airlines Inc.,ATA Airlines d/b/a ATA,United Air Lines Inc.,US Airways Inc.,Southwest Airlines Co.",12,82,1654,5,8251,9992,25125,37050,15618,631,83220,4796
SFO,"San Francisco, CA: San Francisco International",2003/07,7,July,2003,473,365,539,10,76,"American Airlines Inc.,Alaska Airlines Inc.,Continental Air Lines Inc.,Delta Air Lines Inc.,America West Airlines Inc.,American Eagle Airlines Inc.,Northwest Airlines Inc.,SkyWest Airlines Inc.,ATA Airlines d/b/a ATA,United Air Lines Inc.,US Airways Inc.",11,79,1464,8,9192,10743,24613,24504,23592,261,79460,6490
SLC,"Salt Lake City, UT: Salt Lake City International",2003/07,7,July,2003,404,284,330,9,65,"American Airlines Inc.,JetBlue Airways,Continental Air Lines Inc.,Delta Air Lines Inc.,Atlantic Southeast Airlines,America West Airlines Inc.,Northwest Airlines Inc.,SkyWest Airlines Inc.,United Air Lines Inc.,Southwest Airlines Co.",10,58,1093,11,9782,10944,20318,16143,11910,285,52635,3979
TPA,"Tampa, FL: Tampa International",2003/07,7,July,2003,248,395,445,3,44,"American Airlines Inc.,JetBlue Airways,Continental Air Lines Inc.,Delta Air Lines Inc.,AirTran Airways Corporation,America West Airlines Inc.,Northwest Airlines Inc.,ExpressJet Airlines Inc.,United Air Lines Inc.,US Airways Inc.,Southwest Airlines Co.",11,18,1135,9,4452,5614,12661,26212,18532,73,60777,3299
ATL,"Atlanta, GA: Hartsfield-Jackson Atlanta International",2003/08,8,August,2003,1220,1766,4475,9,361,"American Airlines Inc.,JetBlue Airways,Continental Air Lines Inc.,Delta Air Lines Inc.,Atlantic Southeast Airlines,AirTran Airways Corporation,America West Airlines Inc.,Northwest Airlines Inc.,ExpressJet Airlines Inc.,United Air Lines Inc.,US Airways Inc.",11,364,7829,56,23056,31305,77042,108114,163912,304,370130,20758
BOS,"Boston, MA: Logan International",2003/08,8,August,2003,481,698,978,0,100,"American Airlines Inc.,Alaska Airlines Inc.,Continental Air Lines Inc.,Atlantic Coast Airlines,Delta Air Lines Inc.,Atlantic Southeast Airlines,AirTran Airways Corporation,America West Airlines Inc.,American Eagle Airlines Inc.,Northwest Airlines Inc.,ExpressJet Airlines Inc.,ATA Airlines d/b/a ATA,United Air Lines Inc.,US Airways Inc.",14,292,2256,15,7370,9933,28571,49297,42254,4,127494,7368
BWI,"Baltimore, MD: Baltimore/Washington International Thurgood Marshall",2003/08,8,August,2003,396,668,734,6,127,"American Airlines Inc.,Continental Air Lines Inc.,Delta Air Lines Inc.,AirTran Airways Corporation,America West Airlines Inc.,American Eagle Airlines Inc.,Northwest Airlines Inc.,ExpressJet Airlines Inc.,United Air Lines Inc.,US Airways Inc.,Southwest Airlines Co.",11,66,1931,41,6598,8636,19817,41456,36608,179,107756,9696
CLT,"Charlotte, NC: Charlotte Douglas International",2003/08,8,August,2003,349,511,928,1,90,"American Airlines Inc.,Continental Air Lines Inc.,Atlantic Coast Airlines,Delta Air Lines Inc.,Atlantic Southeast Airlines,American Eagle Airlines Inc.,Northwest Airlines Inc.,ExpressJet Airlines Inc.,ATA Airlines d/b/a ATA,United Air Lines Inc.,US Airways Inc.",11,189,1882,36,6841,8948,17440,30964,38430,116,93619,6669
DCA,"Washington, DC: Ronald Reagan Washington National",2003/08,8,August,2003,338,327,795,3,89,"American Airlines Inc.,Alaska Airlines Inc.,Continental Air Lines Inc.,Atlantic Coast Airlines,Delta Air Lines Inc.,Atlantic Southeast Airlines,America West Airlines Inc.,American Eagle Airlines Inc.,Northwest Airlines Inc.,ExpressJet Airlines Inc.,ATA Airlines d/b/a ATA,United Air Lines Inc.,US Airways Inc.",13,262,1554,41,4886,6743,17512,23603,42353,113,90097,6516
DEN,"Denver, CO: Denver International",2003/08,8,August,2003,544,362,560,3,111,"American Airlines Inc.,Alaska Airlines Inc.,JetBlue Airways,Continental Air Lines Inc.,Delta Air Lines Inc.,AirTran Airways Corporation,America West Airlines Inc.,Northwest Airlines Inc.,SkyWest Airlines Inc.,ATA Airlines d/b/a ATA,United Air Lines Inc.,US Airways Inc.",12,79,1582,9,11122,12792,30247,25493,23385,77,87032,7830
DFW,"Dallas/Fort Worth, TX: Dallas/Fort Worth International",2003/08,8,August,2003,1178,1350,2138,17,269,"American Airlines Inc.,Continental Air Lines Inc.,Delta Air Lines Inc.,Atlantic Southeast Airlines,AirTran Airways Corporation,America West Airlines Inc.,American Eagle Airlines Inc.,Northwest Airlines Inc.,SkyWest Airlines Inc.,ExpressJet Airlines Inc.,ATA Airlines d/b/a ATA,United Air Lines Inc.,US Airways Inc.",13,466,4951,169,22370,27956,77082,80115,106597,526,286661,22341
DTW,"Detroit, MI: Detroit Metro Wayne County",2003/08,8,August,2003,459,442,1034,6,155,"American Airlines Inc.,Continental Air Lines Inc.,Atlantic Coast Airlines,Delta Air Lines Inc.,Atlantic Southeast Airlines,America West Airlines Inc.,American Eagle Airlines Inc.,Northwest Airlines Inc.,ExpressJet Airlines Inc.,United Air Lines Inc.,US Airways Inc.,Southwest Airlines Co.",12,412,2096,52,9620,12180,29306,27485,46410,293,116543,13049
EWR,"Newark, NJ: Newark Liberty International",2003/08,8,August,2003,488,713,2528,7,144,"American Airlines Inc.,Alaska Airlines Inc.,Continental Air Lines Inc.,Atlantic Coast Airlines,Delta Air Lines Inc.,AirTran Airways Corporation,America West Airlines Inc.,American Eagle Airlines Inc.,Northwest Airlines Inc.,ExpressJet Airlines Inc.,ATA Airlines d/b/a ATA,United Air Lines Inc.,US Airways Inc.",13,431,3881,111,8599,13022,36683,56753,180746,177,289106,14747
FLL,"Fort Lauderdale, FL: Fort Lauderdale-Hollywood International",2003/08,8,August,2003,279,396,489,9,46,"American Airlines Inc.,JetBlue Airways,Continental Air Lines Inc.,Delta Air Lines Inc.,AirTran Airways Corporation,America West Airlines Inc.,Northwest Airlines Inc.,ATA Airlines d/b/a ATA,United Air Lines Inc.,US Airways Inc.,Southwest Airlines Co.",11,36,1220,14,3555,4825,15853,25824,18216,334,63559,3332
IAD,"Washington, DC: Washington Dulles International",2003/08,8,August,2003,378,447,849,9,129,"American Airlines Inc.,Alaska Airlines Inc.,JetBlue Airways,Continental Air Lines Inc.,Atlantic Coast Airlines,Delta Air Lines Inc.,AirTran Airways Corporation,America West Airlines Inc.,American Eagle Airlines Inc.,Northwest Airlines Inc.,ExpressJet Airlines Inc.,United Air Lines Inc.,US Airways Inc.",13,190,1813,40,6715,8758,21505,30744,43185,295,106819,11090
IAH,"Houston, TX: George Bush Intercontinental/Houston",2003/08,8,August,2003,425,587,1132,5,144,"American Airlines Inc.,Continental Air Lines Inc.,Delta Air Lines Inc.,Atlantic Southeast Airlines,America West Airlines Inc.,American Eagle Airlines Inc.,Northwest Airlines Inc.,SkyWest Airlines Inc.,ExpressJet Airlines Inc.,United Air Lines Inc.,US Airways Inc.,Southwest Airlines Co.",12,104,2291,68,13522,15985,26927,38093,48296,183,125085,11586
JFK,"New York, NY: John F. Kennedy International",2003/08,8,August,2003,403,380,856,15,64,"American Airlines Inc.,JetBlue Airways,Continental Air Lines Inc.,Atlantic Coast Airlines,Delta Air Lines Inc.,Atlantic Southeast Airlines,America West Airlines Inc.,American Eagle Airlines Inc.,Northwest Airlines Inc.,ExpressJet Airlines Inc.,United Air Lines Inc.",11,205,1717,66,4239,6227,28257,29338,42732,401,105234,4506
LAS,"Las Vegas, NV: McCarran International",2003/08,8,August,2003,576,747,480,7,75,"American Airlines Inc.,Alaska Airlines Inc.,JetBlue Airways,Continental Air Lines Inc.,Delta Air Lines Inc.,America West Airlines Inc.,Northwest Airlines Inc.,SkyWest Airlines Inc.,ATA Airlines d/b/a ATA,United Air Lines Inc.,US Airways Inc.,Southwest Airlines Co.",12,70,1884,10,10293,12257,34285,38636,17699,231,97026,6175
LAX,"Los Angeles, CA: Los Angeles International",2003/08,8,August,2003,796,761,622,11,139,"American Airlines Inc.,Alaska Airlines Inc.,Continental Air Lines Inc.,Delta Air Lines Inc.,America West Airlines Inc.,American Eagle Airlines Inc.,Northwest Airlines Inc.,SkyWest Airlines Inc.,ATA Airlines d/b/a ATA,United Air Lines Inc.,US Airways Inc.,Southwest Airlines Co.",12,141,2333,9,16770,19253,47486,46658,26226,336,131186,10480
LGA,"New York, NY: LaGuardia",2003/08,8,August,2003,419,500,1421,1,125,"American Airlines Inc.,Continental Air Lines Inc.,Atlantic Coast Airlines,Delta Air Lines Inc.,AirTran Airways Corporation,American Eagle Airlines Inc.,Northwest Airlines Inc.,ExpressJet Airlines Inc.,ATA Airlines d/b/a ATA,United Air Lines Inc.,US Airways Inc.",11,597,2465,82,6158,9302,26770,38198,102604,15,180002,12415
MCO,"Orlando, FL: Orlando International",2003/08,8,August,2003,450,584,757,6,82,"American Airlines Inc.,Alaska Airlines Inc.,JetBlue Airways,Continental Air Lines Inc.,Delta Air Lines Inc.,Atlantic Southeast Airlines,AirTran Airways Corporation,America West Airlines Inc.,Northwest Airlines Inc.,ATA Airlines d/b/a ATA,United Air Lines Inc.,US Airways Inc.,Southwest Airlines Co.",13,48,1878,30,6032,7988,25260,38574,31786,454,101540,5466
MDW,"Chicago, IL: Chicago Midway International",2003/08,8,August,2003,205,446,414,15,72,"American Airlines Inc.,Continental Air Lines Inc.,Atlantic Coast Airlines,Delta Air Lines Inc.,AirTran Airways Corporation,Northwest Airlines Inc.,ExpressJet Airlines Inc.,ATA Airlines d/b/a ATA,Southwest Airlines Co.",9,77,1152,13,6035,7277,10853,28232,21868,578,68622,7091
MIA,"Miami, FL: Miami International",2003/08,8,August,2003,293,314,696,10,70,"American Airlines Inc.,Alaska Airlines Inc.,Continental Air Lines Inc.,Delta Air Lines Inc.,Atlantic Southeast Airlines,AirTran Airways Corporation,America West Airlines Inc.,American Eagle Airlines Inc.,Northwest Airlines Inc.,ExpressJet Airlines Inc.,ATA Airlines d/b/a ATA,United Air Lines Inc.,US Airways Inc.",13,97,1385,13,3663,5158,18544,24339,30059,306,78097,4849
MSP,"Minneapolis, MN: Minneapolis-St Paul International",2003/08,8,August,2003,533,438,639,9,104,"American Airlines Inc.,Continental Air Lines Inc.,Delta Air Lines Inc.,AirTran Airways Corporation,America West Airlines Inc.,Northwest Airlines Inc.,SkyWest Airlines Inc.,ExpressJet Airlines Inc.,ATA Airlines d/b/a ATA,United Air Lines Inc.,US Airways Inc.",11,182,1724,6,10975,12887,36711,26224,22843,294,93346,7274
ORD,"Chicago, IL: Chicago O'Hare International",2003/08,8,August,2003,1017,1512,3461,12,237,"American Airlines Inc.,Alaska Airlines Inc.,Continental Air Lines Inc.,Atlantic Coast Airlines,Delta Air Lines Inc.,Atlantic Southeast Airlines,America West Airlines Inc.,American Eagle Airlines Inc.,Northwest Airlines Inc.,ExpressJet Airlines Inc.,United Air Lines Inc.,US Airways Inc.",12,941,6236,138,23806,31121,77366,109807,237540,430,447656,22513
PDX,"Portland, OR: Portland International",2003/08,8,August,2003,194,336,128,5,29,"American Airlines Inc.,Alaska Airlines Inc.,Continental Air Lines Inc.,Delta Air Lines Inc.,America West Airlines Inc.,Northwest Airlines Inc.,SkyWest Airlines Inc.,United Air Lines Inc.,Southwest Airlines Co.",9,26,693,4,4249,4972,9713,18118,4683,148,34824,2162
PHL,"Philadelphia, PA: Philadelphia International",2003/08,8,August,2003,442,695,1317,0,132,"American Airlines Inc.,Continental Air Lines Inc.,Atlantic Coast Airlines,Delta Air Lines Inc.,Atlantic Southeast Airlines,AirTran Airways Corporation,America West Airlines Inc.,American Eagle Airlines Inc.,Northwest Airlines Inc.,ExpressJet Airlines Inc.,ATA Airlines d/b/a ATA,United Air Lines Inc.,US Airways Inc.",13,242,2590,31,6527,9390,22519,44213,65862,0,143224,10630
PHX,"Phoenix, AZ: Phoenix Sky Harbor International",2003/08,8,August,2003,607,719,509,20,87,"American Airlines Inc.,Alaska Airlines Inc.,Continental Air Lines Inc.,Delta Air Lines Inc.,America West Airlines Inc.,Northwest Airlines Inc.,SkyWest Airlines Inc.,ExpressJet Airlines Inc.,ATA Airlines d/b/a ATA,United Air Lines Inc.,US Airways Inc.,Southwest Airlines Co.",12,117,1942,14,12284,14357,35681,39053,17893,840,99568,6101
SAN,"San Diego, CA: San Diego International",2003/08,8,August,2003,375,382,256,2,48,"American Airlines Inc.,Alaska Airlines Inc.,JetBlue Airways,Continental Air Lines Inc.,Delta Air Lines Inc.,America West Airlines Inc.,American Eagle Airlines Inc.,Northwest Airlines Inc.,SkyWest Airlines Inc.,United Air Lines Inc.,US Airways Inc.,Southwest Airlines Co.",12,27,1062,5,6105,7199,18544,20569,9091,84,51666,3378
SEA,"Seattle, WA: Seattle/Tacoma International",2003/08,8,August,2003,482,730,364,24,57,"American Airlines Inc.,Alaska Airlines Inc.,JetBlue Airways,Continental Air Lines Inc.,Delta Air Lines Inc.,America West Airlines Inc.,Northwest Airlines Inc.,SkyWest Airlines Inc.,ATA Airlines d/b/a ATA,United Air Lines Inc.,US Airways Inc.,Southwest Airlines Co.",12,113,1661,12,8229,10015,27105,41966,13662,839,87912,4340
SFO,"San Francisco, CA: San Francisco International",2003/08,8,August,2003,517,385,869,10,94,"American Airlines Inc.,Alaska Airlines Inc.,Continental Air Lines Inc.,Delta Air Lines Inc.,America West Airlines Inc.,American Eagle Airlines Inc.,Northwest Airlines Inc.,SkyWest Airlines Inc.,ATA Airlines d/b/a ATA,United Air Lines Inc.,US Airways Inc.",11,96,1876,5,8755,10732,28598,27313,36056,307,99292,7018
SLC,"Salt Lake City, UT: Salt Lake City International",2003/08,8,August,2003,440,326,381,15,112,"American Airlines Inc.,JetBlue Airways,Continental Air Lines Inc.,Delta Air Lines Inc.,Atlantic Southeast Airlines,America West Airlines Inc.,Northwest Airlines Inc.,SkyWest Airlines Inc.,United Air Lines Inc.,Southwest Airlines Co.",10,74,1271,28,9626,10999,23058,16936,13330,596,64430,10510
TPA,"Tampa, FL: Tampa International",2003/08,8,August,2003,265,350,450,2,61,"American Airlines Inc.,JetBlue Airways,Continental Air Lines Inc.,Delta Air Lines Inc.,Atlantic Southeast Airlines,AirTran Airways Corporation,America West Airlines Inc.,Northwest Airlines Inc.,ExpressJet Airlines Inc.,United Air Lines Inc.,US Airways Inc.,Southwest Airlines Co.",12,37,1129,19,4317,5502,15252,24242,19501,80,63084,4009
ATL,"Atlanta, GA: Hartsfield-Jackson Atlanta International",2003/09,9,September,2003,700,807,2267,4,161,"American Airlines Inc.,JetBlue Airways,Continental Air Lines Inc.,Delta Air Lines Inc.,Atlantic Southeast Airlines,AirTran Airways Corporation,America West Airlines Inc.,Northwest Airlines Inc.,ExpressJet Airlines Inc.,United Air Lines Inc.,US Airways Inc.",11,359,3936,33,26049,30377,45856,42031,82737,180,180656,9852
BOS,"Boston, MA: Logan International",2003/09,9,September,2003,287,413,675,1,23,"American Airlines Inc.,Alaska Airlines Inc.,Continental Air Lines Inc.,Atlantic Coast Airlines,Delta Air Lines Inc.,Atlantic Southeast Airlines,AirTran Airways Corporation,America West Airlines Inc.,American Eagle Airlines Inc.,Northwest Airlines Inc.,ExpressJet Airlines Inc.,ATA Airlines d/b/a ATA,United Air Lines Inc.,US Airways Inc.",14,257,1398,13,7860,9528,16865,22421,27189,45,68271,1751
BWI,"Baltimore, MD: Baltimore/Washington International Thurgood Marshall",2003/09,9,September,2003,238,289,358,2,41,"American Airlines Inc.,Continental Air Lines Inc.,Delta Air Lines Inc.,AirTran Airways Corporation,America West Airlines Inc.,American Eagle Airlines Inc.,Northwest Airlines Inc.,ExpressJet Airlines Inc.,United Air Lines Inc.,US Airways Inc.,Southwest Airlines Co.",11,205,930,43,7031,8209,11225,15028,13129,42,42472,3048
CLT,"Charlotte, NC: Charlotte Douglas International",2003/09,9,September,2003,169,271,475,0,14,"American Airlines Inc.,Continental Air Lines Inc.,Atlantic Coast Airlines,Delta Air Lines Inc.,Atlantic Southeast Airlines,American Eagle Airlines Inc.,Northwest Airlines Inc.,ExpressJet Airlines Inc.,ATA Airlines d/b/a ATA,United Air Lines Inc.,US Airways Inc.",11,145,929,1,7399,8474,8943,13038,15857,22,38730,870
DCA,"Washington, DC: Ronald Reagan Washington National",2003/09,9,September,2003,231,161,470,1,28,"American Airlines Inc.,Alaska Airlines Inc.,Continental Air Lines Inc.,Atlantic Coast Airlines,Delta Air Lines Inc.,Atlantic Southeast Airlines,America West Airlines Inc.,American Eagle Airlines Inc.,Northwest Airlines Inc.,ExpressJet Airlines Inc.,ATA Airlines d/b/a ATA,United Air Lines Inc.,US Airways Inc.",13,354,894,29,5230,6507,11136,8715,17771,145,39420,1653
DEN,"Denver, CO: Denver International",2003/09,9,September,2003,319,204,336,3,41,"American Airlines Inc.,Alaska Airlines Inc.,JetBlue Airways,Continental Air Lines Inc.,Delta Air Lines Inc.,AirTran Airways Corporation,America West Airlines Inc.,Northwest Airlines Inc.,SkyWest Airlines Inc.,ExpressJet Airlines Inc.,ATA Airlines d/b/a ATA,United Air Lines Inc.,US Airways Inc.",13,50,900,6,11120,12076,17206,9780,11566,117,41637,2968
DFW,"Dallas/Fort Worth, TX: Dallas/Fort Worth International",2003/09,9,September,2003,654,751,1027,2,125,"American Airlines Inc.,Continental Air Lines Inc.,Delta Air Lines Inc.,Atlantic Southeast Airlines,AirTran Airways Corporation,America West Airlines Inc.,American Eagle Airlines Inc.,Northwest Airlines Inc.,SkyWest Airlines Inc.,ExpressJet Airlines Inc.,ATA Airlines d/b/a ATA,United Air Lines Inc.,US Airways Inc.",13,571,2562,97,23815,27045,41366,45046,50091,55,151679,15121
DTW,"Detroit, MI: Detroit Metro Wayne County",2003/09,9,September,2003,296,236,562,1,52,"American Airlines Inc.,Continental Air Lines Inc.,Atlantic Coast Airlines,Delta Air Lines Inc.,Atlantic Southeast Airlines,America West Airlines Inc.,American Eagle Airlines Inc.,Northwest Airlines Inc.,ExpressJet Airlines Inc.,United Air Lines Inc.,US Airways Inc.,Southwest Airlines Co.",12,144,1147,13,10032,11336,18882,12584,17982,36,53533,4049
EWR,"Newark, NJ: Newark Liberty International",2003/09,9,September,2003,247,483,3818,2,147,"American Airlines Inc.,Alaska Airlines Inc.,Continental Air Lines Inc.,Atlantic Coast Airlines,Delta Air Lines Inc.,AirTran Airways Corporation,America West Airlines Inc.,American Eagle Airlines Inc.,Northwest Airlines Inc.,ExpressJet Airlines Inc.,ATA Airlines d/b/a ATA,United Air Lines Inc.,US Airways Inc.",13,596,4699,14,6880,12189,15809,38281,231105,94,295779,10490
FLL,"Fort Lauderdale, FL: Fort Lauderdale-Hollywood International",2003/09,9,September,2003,143,164,385,1,9,"American Airlines Inc.,JetBlue Airways,Continental Air Lines Inc.,Delta Air Lines Inc.,AirTran Airways Corporation,America West Airlines Inc.,Northwest Airlines Inc.,ATA Airlines d/b/a ATA,United Air Lines Inc.,US Airways Inc.,Southwest Airlines Co.",11,35,701,3,3884,4623,7175,9656,14175,32,31570,532
IAD,"Washington, DC: Washington Dulles International",2003/09,9,September,2003,221,241,470,1,29,"American Airlines Inc.,Alaska Airlines Inc.,JetBlue Airways,Continental Air Lines Inc.,Atlantic Coast Airlines,Delta Air Lines Inc.,AirTran Airways Corporation,America West Airlines Inc.,American Eagle Airlines Inc.,Northwest Airlines Inc.,ExpressJet Airlines Inc.,United Air Lines Inc.,US Airways Inc.",13,320,966,20,7113,8419,11679,14305,21596,14,50212,2618
IAH,"Houston, TX: George Bush Intercontinental/Houston",2003/09,9,September,2003,291,498,1094,5,71,"American Airlines Inc.,Continental Air Lines Inc.,Delta Air Lines Inc.,Atlantic Southeast Airlines,America West Airlines Inc.,American Eagle Airlines Inc.,Northwest Airlines Inc.,SkyWest Airlines Inc.,ExpressJet Airlines Inc.,United Air Lines Inc.,US Airways Inc.,Southwest Airlines Co.",12,107,1958,57,13010,15132,17168,30323,40922,135,94286,5738
JFK,"New York, NY: John F. Kennedy International",2003/09,9,September,2003,245,159,473,3,19,"American Airlines Inc.,JetBlue Airways,Continental Air Lines Inc.,Atlantic Coast Airlines,Delta Air Lines Inc.,Atlantic Southeast Airlines,America West Airlines Inc.,American Eagle Airlines Inc.,Northwest Airlines Inc.,ExpressJet Airlines Inc.,United Air Lines Inc.",11,34,896,13,4868,5811,13176,7732,14391,93,36388,996
LAS,"Las Vegas, NV: McCarran International",2003/09,9,September,2003,374,445,370,2,18,"American Airlines Inc.,Alaska Airlines Inc.,JetBlue Airways,Continental Air Lines Inc.,Delta Air Lines Inc.,America West Airlines Inc.,Northwest Airlines Inc.,SkyWest Airlines Inc.,ATA Airlines d/b/a ATA,United Air Lines Inc.,US Airways Inc.,Southwest Airlines Co.",12,68,1207,2,10628,11905,16643,20772,12331,25,50816,1045
LAX,"Los Angeles, CA: Los Angeles International",2003/09,9,September,2003,542,416,479,6,53,"American Airlines Inc.,Alaska Airlines Inc.,Continental Air Lines Inc.,Delta Air Lines Inc.,America West Airlines Inc.,American Eagle Airlines Inc.,Northwest Airlines Inc.,SkyWest Airlines Inc.,ATA Airlines d/b/a ATA,United Air Lines Inc.,US Airways Inc.,Southwest Airlines Co.",12,171,1496,9,16520,18196,25779,18960,15896,178,63767,2954
LGA,"New York, NY: LaGuardia",2003/09,9,September,2003,223,283,1099,0,77,"American Airlines Inc.,Continental Air Lines Inc.,Atlantic Coast Airlines,Delta Air Lines Inc.,AirTran Airways Corporation,American Eagle Airlines Inc.,Northwest Airlines Inc.,ExpressJet Airlines Inc.,ATA Airlines d/b/a ATA,United Air Lines Inc.,US Airways Inc.",11,341,1684,11,6735,8771,11733,16588,57867,0,91015,4827
MCO,"Orlando, FL: Orlando International",2003/09,9,September,2003,212,250,371,1,19,"American Airlines Inc.,Alaska Airlines Inc.,JetBlue Airways,Continental Air Lines Inc.,Delta Air Lines Inc.,AirTran Airways Corporation,America West Airlines Inc.,Northwest Airlines Inc.,ATA Airlines d/b/a ATA,United Air Lines Inc.,US Airways Inc.,Southwest Airlines Co.",12,63,857,9,6219,7148,10620,13750,14734,25,40150,1021
MDW,"Chicago, IL: Chicago Midway International",2003/09,9,September,2003,133,259,224,2,15,"American Airlines Inc.,Continental Air Lines Inc.,Atlantic Coast Airlines,Delta Air Lines Inc.,AirTran Airways Corporation,Northwest Airlines Inc.,ExpressJet Airlines Inc.,ATA Airlines d/b/a ATA,Southwest Airlines Co.",9,70,632,9,6509,7220,6622,13408,8075,34,29236,1097
MIA,"Miami, FL: Miami International",2003/09,9,September,2003,156,125,479,0,25,"American Airlines Inc.,Alaska Airlines Inc.,Continental Air Lines Inc.,Delta Air Lines Inc.,AirTran Airways Corporation,America West Airlines Inc.,American Eagle Airlines Inc.,Northwest Airlines Inc.,ExpressJet Airlines Inc.,ATA Airlines d/b/a ATA,United Air Lines Inc.,US Airways Inc.",12,67,784,10,3871,4732,10455,7536,18311,34,37924,1588
MSP,"Minneapolis, MN: Minneapolis-St Paul International",2003/09,9,September,2003,317,228,755,3,90,"American Airlines Inc.,Continental Air Lines Inc.,Delta Air Lines Inc.,AirTran Airways Corporation,America West Airlines Inc.,Northwest Airlines Inc.,SkyWest Airlines Inc.,ExpressJet Airlines Inc.,ATA Airlines d/b/a ATA,United Air Lines Inc.,US Airways Inc.",11,117,1390,13,10023,11543,21792,12359,27675,64,67403,5513
ORD,"Chicago, IL: Chicago O'Hare International",2003/09,9,September,2003,573,892,3323,4,99,"American Airlines Inc.,Alaska Airlines Inc.,Continental Air Lines Inc.,Atlantic Coast Airlines,Delta Air Lines Inc.,Atlantic Southeast Airlines,America West Airlines Inc.,American Eagle Airlines Inc.,Northwest Airlines Inc.,ExpressJet Airlines Inc.,United Air Lines Inc.,US Airways Inc.",12,433,4889,31,24285,29638,36242,49229,152057,77,243497,5892
PDX,"Portland, OR: Portland International",2003/09,9,September,2003,133,142,144,2,6,"American Airlines Inc.,Alaska Airlines Inc.,Continental Air Lines Inc.,Delta Air Lines Inc.,America West Airlines Inc.,Northwest Airlines Inc.,SkyWest Airlines Inc.,United Air Lines Inc.,Southwest Airlines Co.",9,44,428,1,4144,4617,6798,7490,4505,39,19295,463
PHL,"Philadelphia, PA: Philadelphia International",2003/09,9,September,2003,207,361,1198,0,40,"American Airlines Inc.,Continental Air Lines Inc.,Atlantic Coast Airlines,Delta Air Lines Inc.,Atlantic Southeast Airlines,AirTran Airways Corporation,America West Airlines Inc.,American Eagle Airlines Inc.,Northwest Airlines Inc.,ExpressJet Airlines Inc.,ATA Airlines d/b/a ATA,United Air Lines Inc.,US Airways Inc.",13,206,1806,33,6902,8947,9829,21665,56548,0,91049,3007
PHX,"Phoenix, AZ: Phoenix Sky Harbor International",2003/09,9,September,2003,369,404,347,2,15,"American Airlines Inc.,Alaska Airlines Inc.,Continental Air Lines Inc.,Delta Air Lines Inc.,America West Airlines Inc.,Northwest Airlines Inc.,SkyWest Airlines Inc.,ExpressJet Airlines Inc.,ATA Airlines d/b/a ATA,United Air Lines Inc.,US Airways Inc.,Southwest Airlines Co.",12,146,1138,8,12372,13664,20111,18043,12205,44,51261,858
SAN,"San Diego, CA: San Diego International",2003/09,9,September,2003,227,161,177,1,19,"American Airlines Inc.,Alaska Airlines Inc.,JetBlue Airways,Continental Air Lines Inc.,Delta Air Lines Inc.,America West Airlines Inc.,American Eagle Airlines Inc.,Northwest Airlines Inc.,SkyWest Airlines Inc.,United Air Lines Inc.,US Airways Inc.,Southwest Airlines Co.",12,48,584,6,6250,6888,9486,7033,6643,17,24189,1010
SEA,"Seattle, WA: Seattle/Tacoma International",2003/09,9,September,2003,292,308,352,3,18,"American Airlines Inc.,Alaska Airlines Inc.,JetBlue Airways,Continental Air Lines Inc.,Delta Air Lines Inc.,America West Airlines Inc.,Northwest Airlines Inc.,SkyWest Airlines Inc.,ATA Airlines d/b/a ATA,United Air Lines Inc.,US Airways Inc.,Southwest Airlines Co.",12,86,972,16,7712,8786,15567,15602,11310,78,43479,922
SFO,"San Francisco, CA: San Francisco International",2003/09,9,September,2003,339,233,765,6,27,"American Airlines Inc.,Alaska Airlines Inc.,Continental Air Lines Inc.,Delta Air Lines Inc.,America West Airlines Inc.,American Eagle Airlines Inc.,Northwest Airlines Inc.,SkyWest Airlines Inc.,ATA Airlines d/b/a ATA,United Air Lines Inc.,US Airways Inc.",11,65,1371,3,8468,9907,16537,13574,29769,134,62072,2058
SLC,"Salt Lake City, UT: Salt Lake City International",2003/09,9,September,2003,269,171,260,6,23,"American Airlines Inc.,JetBlue Airways,Continental Air Lines Inc.,Delta Air Lines Inc.,Atlantic Southeast Airlines,America West Airlines Inc.,Northwest Airlines Inc.,SkyWest Airlines Inc.,United Air Lines Inc.,Southwest Airlines Co.",10,54,730,0,9769,10553,12162,7411,7967,130,29093,1423
TPA,"Tampa, FL: Tampa International",2003/09,9,September,2003,135,197,283,-1,11,"American Airlines Inc.,JetBlue Airways,Continental Air Lines Inc.,Delta Air Lines Inc.,AirTran Airways Corporation,America West Airlines Inc.,Northwest Airlines Inc.,ExpressJet Airlines Inc.,United Air Lines Inc.,US Airways Inc.,Southwest Airlines Co.",11,34,629,0,4535,5198,6378,10114,10231,13,27377,637
ATL,"Atlanta, GA: Hartsfield-Jackson Atlanta International",2003/10,10,October,2003,756,906,3355,4,170,"American Airlines Inc.,JetBlue Airways,Continental Air Lines Inc.,Delta Air Lines Inc.,Atlantic Southeast Airlines,AirTran Airways Corporation,America West Airlines Inc.,Northwest Airlines Inc.,ExpressJet Airlines Inc.,United Air Lines Inc.,US Airways Inc.",11,189,5188,12,26398,31787,48821,41875,111361,188,210846,8601
BOS,"Boston, MA: Logan International",2003/10,10,October,2003,348,382,539,4,13,"American Airlines Inc.,Alaska Airlines Inc.,Continental Air Lines Inc.,Atlantic Coast Airlines,Delta Air Lines Inc.,Atlantic Southeast Airlines,AirTran Airways Corporation,America West Airlines Inc.,American Eagle Airlines Inc.,Northwest Airlines Inc.,ExpressJet Airlines Inc.,ATA Airlines d/b/a ATA,United Air Lines Inc.,US Airways Inc.",14,124,1284,9,8543,9960,18198,19363,15163,156,53533,653
BWI,"Baltimore, MD: Baltimore/Washington International Thurgood Marshall",2003/10,10,October,2003,280,412,334,6,18,"American Airlines Inc.,Continental Air Lines Inc.,Delta Air Lines Inc.,AirTran Airways Corporation,America West Airlines Inc.,American Eagle Airlines Inc.,Northwest Airlines Inc.,ExpressJet Airlines Inc.,United Air Lines Inc.,US Airways Inc.,Southwest Airlines Co.",11,42,1050,13,7513,8618,12982,19423,10993,195,44654,1061
CLT,"Charlotte, NC: Charlotte Douglas International",2003/10,10,October,2003,180,239,420,1,8,"American Airlines Inc.,Continental Air Lines Inc.,Atlantic Coast Airlines,Delta Air Lines Inc.,Atlantic Southeast Airlines,American Eagle Airlines Inc.,Northwest Airlines Inc.,ExpressJet Airlines Inc.,ATA Airlines d/b/a ATA,United Air Lines Inc.,US Airways Inc.",11,54,850,2,8210,9116,8667,9925,10434,16,29420,378
DCA,"Washington, DC: Ronald Reagan Washington National",2003/10,10,October,2003,226,172,374,2,18,"American Airlines Inc.,Alaska Airlines Inc.,Continental Air Lines Inc.,Atlantic Coast Airlines,Delta Air Lines Inc.,Atlantic Southeast Airlines,AirTran Airways Corporation,America West Airlines Inc.,American Eagle Airlines Inc.,Northwest Airlines Inc.,ExpressJet Airlines Inc.,ATA Airlines d/b/a ATA,United Air Lines Inc.,US Airways Inc.",14,57,790,39,6078,6964,10083,7642,11881,106,30801,1089
DEN,"Denver, CO: Denver International",2003/10,10,October,2003,451,296,419,8,24,"American Airlines Inc.,Alaska Airlines Inc.,JetBlue Airways,Continental Air Lines Inc.,Delta Air Lines Inc.,Atlantic Southeast Airlines,AirTran Airways Corporation,America West Airlines Inc.,Northwest Airlines Inc.,SkyWest Airlines Inc.,ExpressJet Airlines Inc.,ATA Airlines d/b/a ATA,United Air Lines Inc.,US Airways Inc.",14,91,1197,6,11348,12642,23772,19133,11716,454,57172,2097
DFW,"Dallas/Fort Worth, TX: Dallas/Fort Worth International",2003/10,10,October,2003,700,635,892,11,79,"American Airlines Inc.,Continental Air Lines Inc.,Delta Air Lines Inc.,Atlantic Southeast Airlines,AirTran Airways Corporation,America West Airlines Inc.,American Eagle Airlines Inc.,Northwest Airlines Inc.,SkyWest Airlines Inc.,ExpressJet Airlines Inc.,ATA Airlines d/b/a ATA,United Air Lines Inc.,US Airways Inc.",13,200,2314,11,25757,28282,50028,30244,28680,434,116061,6675
DTW,"Detroit, MI: Detroit Metro Wayne County",2003/10,10,October,2003,294,243,600,5,21,"American Airlines Inc.,Continental Air Lines Inc.,Atlantic Coast Airlines,Delta Air Lines Inc.,Atlantic Southeast Airlines,America West Airlines Inc.,American Eagle Airlines Inc.,Northwest Airlines Inc.,ExpressJet Airlines Inc.,United Air Lines Inc.,US Airways Inc.,Southwest Airlines Co.",12,64,1161,5,10817,12047,18527,10754,14809,345,45537,1102
EWR,"Newark, NJ: Newark Liberty International",2003/10,10,October,2003,296,324,1710,6,54,"American Airlines Inc.,Alaska Airlines Inc.,Continental Air Lines Inc.,Atlantic Coast Airlines,Delta Air Lines Inc.,AirTran Airways Corporation,America West Airlines Inc.,American Eagle Airlines Inc.,Northwest Airlines Inc.,ExpressJet Airlines Inc.,ATA Airlines d/b/a ATA,United Air Lines Inc.,US Airways Inc.",13,135,2387,15,10622,13159,16563,17900,81269,230,119623,3661
FLL,"Fort Lauderdale, FL: Fort Lauderdale-Hollywood International",2003/10,10,October,2003,153,177,192,5,5,"American Airlines Inc.,JetBlue Airways,Continental Air Lines Inc.,Delta Air Lines Inc.,AirTran Airways Corporation,America West Airlines Inc.,Northwest Airlines Inc.,ATA Airlines d/b/a ATA,United Air Lines Inc.,US Airways Inc.,Southwest Airlines Co.",11,5,533,5,4522,5065,6585,9407,5152,209,21673,320
IAD,"Washington, DC: Washington Dulles International",2003/10,10,October,2003,280,309,510,7,67,"American Airlines Inc.,Alaska Airlines Inc.,JetBlue Airways,Continental Air Lines Inc.,Atlantic Coast Airlines,Delta Air Lines Inc.,AirTran Airways Corporation,America West Airlines Inc.,American Eagle Airlines Inc.,Northwest Airlines Inc.,ExpressJet Airlines Inc.,United Air Lines Inc.,US Airways Inc.",13,125,1171,15,7412,8723,14986,18071,21855,302,64257,9043
IAH,"Houston, TX: George Bush Intercontinental/Houston",2003/10,10,October,2003,291,351,964,10,42,"American Airlines Inc.,Continental Air Lines Inc.,Delta Air Lines Inc.,Atlantic Southeast Airlines,America West Airlines Inc.,American Eagle Airlines Inc.,Northwest Airlines Inc.,SkyWest Airlines Inc.,ExpressJet Airlines Inc.,United Air Lines Inc.,US Airways Inc.,Southwest Airlines Co.",12,51,1656,36,14214,15957,16074,18952,29350,390,69360,4594
JFK,"New York, NY: John F. Kennedy International",2003/10,10,October,2003,201,156,373,7,16,"American Airlines Inc.,JetBlue Airways,Continental Air Lines Inc.,Atlantic Coast Airlines,Delta Air Lines Inc.,Atlantic Southeast Airlines,America West Airlines Inc.,American Eagle Airlines Inc.,Northwest Airlines Inc.,ExpressJet Airlines Inc.,United Air Lines Inc.",11,28,755,6,5335,6124,12350,9965,15255,204,39054,1280
LAS,"Las Vegas, NV: McCarran International",2003/10,10,October,2003,429,573,800,9,32,"American Airlines Inc.,Alaska Airlines Inc.,JetBlue Airways,Continental Air Lines Inc.,Delta Air Lines Inc.,America West Airlines Inc.,Northwest Airlines Inc.,SkyWest Airlines Inc.,ATA Airlines d/b/a ATA,United Air Lines Inc.,US Airways Inc.,Southwest Airlines Co.",12,135,1841,17,10594,12587,19898,32158,34651,555,89796,2534
LAX,"Los Angeles, CA: Los Angeles International",2003/10,10,October,2003,612,578,1112,12,150,"American Airlines Inc.,Alaska Airlines Inc.,Continental Air Lines Inc.,Delta Air Lines Inc.,Atlantic Southeast Airlines,America West Airlines Inc.,American Eagle Airlines Inc.,Northwest Airlines Inc.,SkyWest Airlines Inc.,ATA Airlines d/b/a ATA,United Air Lines Inc.,US Airways Inc.,Southwest Airlines Co.",13,581,2463,78,15851,18973,33935,32937,74833,496,155938,13737
LGA,"New York, NY: LaGuardia",2003/10,10,October,2003,281,260,808,2,27,"American Airlines Inc.,Continental Air Lines Inc.,Atlantic Coast Airlines,Delta Air Lines Inc.,AirTran Airways Corporation,American Eagle Airlines Inc.,Northwest Airlines Inc.,ExpressJet Airlines Inc.,ATA Airlines d/b/a ATA,United Air Lines Inc.,US Airways Inc.",11,124,1375,6,7814,9319,13835,13847,32134,83,61210,1311
MCO,"Orlando, FL: Orlando International",2003/10,10,October,2003,267,249,298,1,4,"American Airlines Inc.,Alaska Airlines Inc.,JetBlue Airways,Continental Air Lines Inc.,Delta Air Lines Inc.,AirTran Airways Corporation,America West Airlines Inc.,Northwest Airlines Inc.,ExpressJet Airlines Inc.,ATA Airlines d/b/a ATA,United Air Lines Inc.,US Airways Inc.,Southwest Airlines Co.",13,17,816,6,6985,7824,11785,12138,8768,10,33077,376
MDW,"Chicago, IL: Chicago Midway International",2003/10,10,October,2003,151,336,361,5,14,"American Airlines Inc.,Continental Air Lines Inc.,Atlantic Coast Airlines,Delta Air Lines Inc.,AirTran Airways Corporation,Northwest Airlines Inc.,ExpressJet Airlines Inc.,ATA Airlines d/b/a ATA,Southwest Airlines Co.",9,45,869,3,6748,7665,7552,17727,10247,184,36536,826
MIA,"Miami, FL: Miami International",2003/10,10,October,2003,177,118,288,0,19,"American Airlines Inc.,Alaska Airlines Inc.,Continental Air Lines Inc.,Delta Air Lines Inc.,AirTran Airways Corporation,America West Airlines Inc.,American Eagle Airlines Inc.,Northwest Airlines Inc.,ExpressJet Airlines Inc.,ATA Airlines d/b/a ATA,United Air Lines Inc.,US Airways Inc.",12,34,603,14,4297,4948,11322,6822,8642,0,27775,989
MSP,"Minneapolis, MN: Minneapolis-St Paul International",2003/10,10,October,2003,363,202,819,8,22,"American Airlines Inc.,Continental Air Lines Inc.,Delta Air Lines Inc.,AirTran Airways Corporation,America West Airlines Inc.,Northwest Airlines Inc.,SkyWest Airlines Inc.,ExpressJet Airlines Inc.,ATA Airlines d/b/a ATA,United Air Lines Inc.,US Airways Inc.",11,53,1412,7,10626,12098,23095,10775,21114,310,56341,1047
ORD,"Chicago, IL: Chicago O'Hare International",2003/10,10,October,2003,673,896,2951,9,38,"American Airlines Inc.,Alaska Airlines Inc.,Continental Air Lines Inc.,Atlantic Coast Airlines,Delta Air Lines Inc.,Atlantic Southeast Airlines,America West Airlines Inc.,American Eagle Airlines Inc.,Northwest Airlines Inc.,SkyWest Airlines Inc.,ExpressJet Airlines Inc.,United Air Lines Inc.,US Airways Inc.",13,324,4564,16,26086,30990,43272,45022,113979,543,204968,2152
PDX,"Portland, OR: Portland International",2003/10,10,October,2003,147,245,255,3,4,"American Airlines Inc.,Alaska Airlines Inc.,Continental Air Lines Inc.,Delta Air Lines Inc.,America West Airlines Inc.,Northwest Airlines Inc.,SkyWest Airlines Inc.,United Air Lines Inc.,Southwest Airlines Co.",9,45,656,3,4045,4749,7896,14719,8010,182,31002,195
PHL,"Philadelphia, PA: Philadelphia International",2003/10,10,October,2003,256,312,890,2,16,"American Airlines Inc.,Continental Air Lines Inc.,Atlantic Coast Airlines,Delta Air Lines Inc.,Atlantic Southeast Airlines,AirTran Airways Corporation,America West Airlines Inc.,American Eagle Airlines Inc.,Northwest Airlines Inc.,ExpressJet Airlines Inc.,ATA Airlines d/b/a ATA,United Air Lines Inc.,US Airways Inc.",13,80,1475,9,7675,9239,11126,14601,30965,44,57820,1084
PHX,"Phoenix, AZ: Phoenix Sky Harbor International",2003/10,10,October,2003,450,566,530,11,19,"American Airlines Inc.,Alaska Airlines Inc.,Continental Air Lines Inc.,Delta Air Lines Inc.,America West Airlines Inc.,Northwest Airlines Inc.,SkyWest Airlines Inc.,ExpressJet Airlines Inc.,ATA Airlines d/b/a ATA,United Air Lines Inc.,US Airways Inc.,Southwest Airlines Co.",12,187,1577,10,12481,14255,23993,30844,18222,454,75157,1644
SAN,"San Diego, CA: San Diego International",2003/10,10,October,2003,238,280,324,7,44,"American Airlines Inc.,Alaska Airlines Inc.,JetBlue Airways,Continental Air Lines Inc.,Delta Air Lines Inc.,America West Airlines Inc.,American Eagle Airlines Inc.,Northwest Airlines Inc.,SkyWest Airlines Inc.,United Air Lines Inc.,US Airways Inc.,Southwest Airlines Co.",12,189,892,82,6043,7206,10136,13836,12173,431,39876,3300
SEA,"Seattle, WA: Seattle/Tacoma International",2003/10,10,October,2003,363,425,898,2,19,"American Airlines Inc.,Alaska Airlines Inc.,JetBlue Airways,Continental Air Lines Inc.,Delta Air Lines Inc.,America West Airlines Inc.,Northwest Airlines Inc.,SkyWest Airlines Inc.,ATA Airlines d/b/a ATA,United Air Lines Inc.,US Airways Inc.,Southwest Airlines Co.",12,113,1707,14,7087,8921,20000,24715,27347,80,73423,1281
SFO,"San Francisco, CA: San Francisco International",2003/10,10,October,2003,379,285,757,7,32,"American Airlines Inc.,Alaska Airlines Inc.,Continental Air Lines Inc.,Delta Air Lines Inc.,America West Airlines Inc.,American Eagle Airlines Inc.,Northwest Airlines Inc.,SkyWest Airlines Inc.,ATA Airlines d/b/a ATA,United Air Lines Inc.,US Airways Inc.",11,102,1456,10,8804,10372,17952,16901,27186,134,64070,1897
SLC,"Salt Lake City, UT: Salt Lake City International",2003/10,10,October,2003,326,216,325,7,34,"American Airlines Inc.,JetBlue Airways,Continental Air Lines Inc.,Delta Air Lines Inc.,Atlantic Southeast Airlines,America West Airlines Inc.,Northwest Airlines Inc.,SkyWest Airlines Inc.,ExpressJet Airlines Inc.,United Air Lines Inc.,Southwest Airlines Co.",11,61,907,3,9670,10641,16766,12213,10705,257,41520,1579
TPA,"Tampa, FL: Tampa International",2003/10,10,October,2003,177,210,201,3,5,"American Airlines Inc.,JetBlue Airways,Continental Air Lines Inc.,Delta Air Lines Inc.,AirTran Airways Corporation,America West Airlines Inc.,Northwest Airlines Inc.,ExpressJet Airlines Inc.,United Air Lines Inc.,US Airways Inc.,Southwest Airlines Co.",11,9,596,0,4940,5545,9434,10327,5786,120,25812,145
ATL,"Atlanta, GA: Hartsfield-Jackson Atlanta International",2003/11,11,November,2003,789,888,2773,6,155,"American Airlines Inc.,JetBlue Airways,Continental Air Lines Inc.,Delta Air Lines Inc.,Atlantic Southeast Airlines,AirTran Airways Corporation,America West Airlines Inc.,Northwest Airlines Inc.,ExpressJet Airlines Inc.,United Air Lines Inc.,US Airways Inc.",11,263,4609,21,25220,30113,46969,45779,92045,143,193608,8672
BOS,"Boston, MA: Logan International",2003/11,11,November,2003,311,414,418,0,22,"American Airlines Inc.,Alaska Airlines Inc.,Continental Air Lines Inc.,Atlantic Coast Airlines,Delta Air Lines Inc.,Atlantic Southeast Airlines,AirTran Airways Corporation,America West Airlines Inc.,American Eagle Airlines Inc.,Northwest Airlines Inc.,ExpressJet Airlines Inc.,ATA Airlines d/b/a ATA,United Air Lines Inc.,US Airways Inc.",14,156,1168,6,7920,9250,17405,23277,12515,0,54711,1514
BWI,"Baltimore, MD: Baltimore/Washington International Thurgood Marshall",2003/11,11,November,2003,291,408,380,2,20,"American Airlines Inc.,Continental Air Lines Inc.,Delta Air Lines Inc.,AirTran Airways Corporation,America West Airlines Inc.,American Eagle Airlines Inc.,Northwest Airlines Inc.,ExpressJet Airlines Inc.,United Air Lines Inc.,US Airways Inc.,Southwest Airlines Co.",11,40,1102,17,6905,8064,13786,21392,13388,58,50385,1761
CLT,"Charlotte, NC: Charlotte Douglas International",2003/11,11,November,2003,201,314,397,0,12,"American Airlines Inc.,Continental Air Lines Inc.,Atlantic Coast Airlines,Delta Air Lines Inc.,Atlantic Southeast Airlines,American Eagle Airlines Inc.,Northwest Airlines Inc.,ExpressJet Airlines Inc.,ATA Airlines d/b/a ATA,United Air Lines Inc.,US Airways Inc.",11,77,927,3,7689,8696,9334,15327,10897,0,36259,701
DCA,"Washington, DC: Ronald Reagan Washington National",2003/11,11,November,2003,232,289,387,2,21,"American Airlines Inc.,Alaska Airlines Inc.,Continental Air Lines Inc.,Atlantic Coast Airlines,Delta Air Lines Inc.,Atlantic Southeast Airlines,AirTran Airways Corporation,America West Airlines Inc.,American Eagle Airlines Inc.,Northwest Airlines Inc.,ExpressJet Airlines Inc.,ATA Airlines d/b/a ATA,United Air Lines Inc.,US Airways Inc.",14,91,929,22,5495,6537,11956,16264,12299,99,41879,1261
DEN,"Denver, CO: Denver International",2003/11,11,November,2003,679,387,822,9,91,"American Airlines Inc.,Alaska Airlines Inc.,JetBlue Airways,Continental Air Lines Inc.,Delta Air Lines Inc.,Atlantic Southeast Airlines,AirTran Airways Corporation,America West Airlines Inc.,Northwest Airlines Inc.,SkyWest Airlines Inc.,ExpressJet Airlines Inc.,ATA Airlines d/b/a ATA,United Air Lines Inc.,US Airways Inc.",14,102,1990,5,9742,11839,31476,23104,23652,287,86644,8125
DFW,"Dallas/Fort Worth, TX: Dallas/Fort Worth International",2003/11,11,November,2003,825,1028,1632,9,167,"American Airlines Inc.,Continental Air Lines Inc.,Delta Air Lines Inc.,Atlantic Southeast Airlines,AirTran Airways Corporation,America West Airlines Inc.,American Eagle Airlines Inc.,Northwest Airlines Inc.,SkyWest Airlines Inc.,ExpressJet Airlines Inc.,ATA Airlines d/b/a ATA,United Air Lines Inc.,US Airways Inc.",13,373,3662,61,23809,27905,54258,56317,54590,330,181139,15644
DTW,"Detroit, MI: Detroit Metro Wayne County",2003/11,11,November,2003,354,348,670,2,87,"American Airlines Inc.,Continental Air Lines Inc.,Atlantic Coast Airlines,Delta Air Lines Inc.,Atlantic Southeast Airlines,America West Airlines Inc.,American Eagle Airlines Inc.,Northwest Airlines Inc.,ExpressJet Airlines Inc.,United Air Lines Inc.,US Airways Inc.,Southwest Airlines Co.",12,114,1460,9,9791,11374,25903,17650,19054,45,68865,6213
EWR,"Newark, NJ: Newark Liberty International",2003/11,11,November,2003,252,567,2278,3,175,"American Airlines Inc.,Alaska Airlines Inc.,Continental Air Lines Inc.,Atlantic Coast Airlines,Delta Air Lines Inc.,AirTran Airways Corporation,America West Airlines Inc.,American Eagle Airlines Inc.,Northwest Airlines Inc.,ExpressJet Airlines Inc.,ATA Airlines d/b/a ATA,United Air Lines Inc.,US Airways Inc.",13,307,3274,40,8796,12417,15831,30967,131554,268,190818,12198
FLL,"Fort Lauderdale, FL: Fort Lauderdale-Hollywood International",2003/11,11,November,2003,188,261,288,5,17,"American Airlines Inc.,JetBlue Airways,Continental Air Lines Inc.,Delta Air Lines Inc.,AirTran Airways Corporation,America West Airlines Inc.,Northwest Airlines Inc.,ATA Airlines d/b/a ATA,United Air Lines Inc.,US Airways Inc.,Southwest Airlines Co.",11,9,756,2,4319,5086,8293,15339,10364,193,35542,1353
IAD,"Washington, DC: Washington Dulles International",2003/11,11,November,2003,250,363,578,1,38,"American Airlines Inc.,Alaska Airlines Inc.,JetBlue Airways,Continental Air Lines Inc.,Atlantic Coast Airlines,Delta Air Lines Inc.,AirTran Airways Corporation,America West Airlines Inc.,American Eagle Airlines Inc.,Northwest Airlines Inc.,ExpressJet Airlines Inc.,United Air Lines Inc.,US Airways Inc.",13,136,1229,59,6776,8200,14036,22984,31415,26,72043,3582
IAH,"Houston, TX: George Bush Intercontinental/Houston",2003/11,11,November,2003,403,562,1629,9,71,"American Airlines Inc.,Continental Air Lines Inc.,Delta Air Lines Inc.,Atlantic Southeast Airlines,America West Airlines Inc.,Northwest Airlines Inc.,SkyWest Airlines Inc.,ExpressJet Airlines Inc.,United Air Lines Inc.,US Airways Inc.,Southwest Airlines Co.",11,157,2674,94,12697,15622,22622,28648,62969,246,123262,8777
JFK,"New York, NY: John F. Kennedy International",2003/11,11,November,2003,215,163,301,8,33,"American Airlines Inc.,JetBlue Airways,Continental Air Lines Inc.,Atlantic Coast Airlines,Delta Air Lines Inc.,Atlantic Southeast Airlines,America West Airlines Inc.,American Eagle Airlines Inc.,Northwest Airlines Inc.,ExpressJet Airlines Inc.,United Air Lines Inc.",11,31,718,24,5233,6006,10596,11833,11497,257,38034,3851
LAS,"Las Vegas, NV: McCarran International",2003/11,11,November,2003,478,739,1541,6,50,"American Airlines Inc.,Alaska Airlines Inc.,JetBlue Airways,Continental Air Lines Inc.,Delta Air Lines Inc.,Hawaiian Airlines Inc.,America West Airlines Inc.,Northwest Airlines Inc.,SkyWest Airlines Inc.,ATA Airlines d/b/a ATA,United Air Lines Inc.,US Airways Inc.,Southwest Airlines Co.",13,78,2813,6,9211,12108,22575,38347,54246,143,118512,3201
LAX,"Los Angeles, CA: Los Angeles International",2003/11,11,November,2003,770,703,1746,11,66,"American Airlines Inc.,Alaska Airlines Inc.,Continental Air Lines Inc.,Delta Air Lines Inc.,Hawaiian Airlines Inc.,America West Airlines Inc.,American Eagle Airlines Inc.,Northwest Airlines Inc.,SkyWest Airlines Inc.,ATA Airlines d/b/a ATA,United Air Lines Inc.,US Airways Inc.,Southwest Airlines Co.",13,232,3295,39,14701,18267,39795,39592,62327,370,146926,4842
LGA,"New York, NY: LaGuardia",2003/11,11,November,2003,280,381,1363,0,99,"American Airlines Inc.,Continental Air Lines Inc.,Atlantic Coast Airlines,Delta Air Lines Inc.,AirTran Airways Corporation,American Eagle Airlines Inc.,Northwest Airlines Inc.,ExpressJet Airlines Inc.,ATA Airlines d/b/a ATA,United Air Lines Inc.,US Airways Inc.",11,261,2121,16,6480,8878,14283,23157,67267,0,111408,6701
MCO,"Orlando, FL: Orlando International",2003/11,11,November,2003,285,336,360,3,21,"American Airlines Inc.,Alaska Airlines Inc.,JetBlue Airways,Continental Air Lines Inc.,Delta Air Lines Inc.,Atlantic Southeast Airlines,AirTran Airways Corporation,America West Airlines Inc.,American Eagle Airlines Inc.,Northwest Airlines Inc.,ATA Airlines d/b/a ATA,United Air Lines Inc.,US Airways Inc.,Southwest Airlines Co.",14,16,1005,7,6705,7733,13381,18886,11014,75,44765,1409
MDW,"Chicago, IL: Chicago Midway International",2003/11,11,November,2003,165,393,664,4,87,"American Airlines Inc.,Continental Air Lines Inc.,Atlantic Coast Airlines,Delta Air Lines Inc.,AirTran Airways Corporation,Northwest Airlines Inc.,ExpressJet Airlines Inc.,ATA Airlines d/b/a ATA,Southwest Airlines Co.",9,110,1314,55,5727,7206,8282,24846,39137,85,81373,9023
MIA,"Miami, FL: Miami International",2003/11,11,November,2003,186,165,370,3,22,"American Airlines Inc.,Alaska Airlines Inc.,Continental Air Lines Inc.,Delta Air Lines Inc.,AirTran Airways Corporation,America West Airlines Inc.,American Eagle Airlines Inc.,Northwest Airlines Inc.,ExpressJet Airlines Inc.,ATA Airlines d/b/a ATA,United Air Lines Inc.,US Airways Inc.",12,22,747,7,4452,5228,11522,11307,13682,209,38115,1395
MSP,"Minneapolis, MN: Minneapolis-St Paul International",2003/11,11,November,2003,401,455,1232,4,106,"American Airlines Inc.,Continental Air Lines Inc.,Delta Air Lines Inc.,AirTran Airways Corporation,America West Airlines Inc.,Northwest Airlines Inc.,SkyWest Airlines Inc.,ExpressJet Airlines Inc.,ATA Airlines d/b/a ATA,United Air Lines Inc.,US Airways Inc.",11,164,2201,11,8988,11364,25646,25600,37561,85,96480,7588
ORD,"Chicago, IL: Chicago O'Hare International",2003/11,11,November,2003,806,1778,9066,6,202,"American Airlines Inc.,Alaska Airlines Inc.,Continental Air Lines Inc.,Atlantic Coast Airlines,Delta Air Lines Inc.,Atlantic Southeast Airlines,America West Airlines Inc.,American Eagle Airlines Inc.,Northwest Airlines Inc.,SkyWest Airlines Inc.,ExpressJet Airlines Inc.,United Air Lines Inc.,US Airways Inc.",13,1403,11857,77,17869,31206,55398,111600,560287,260,743287,15742
PDX,"Portland, OR: Portland International",2003/11,11,November,2003,201,273,296,3,25,"American Airlines Inc.,Alaska Airlines Inc.,Continental Air Lines Inc.,Delta Air Lines Inc.,Hawaiian Airlines Inc.,America West Airlines Inc.,Northwest Airlines Inc.,SkyWest Airlines Inc.,United Air Lines Inc.,Southwest Airlines Co.",10,32,799,7,3620,4458,8988,14469,8809,47,33459,1146
PHL,"Philadelphia, PA: Philadelphia International",2003/11,11,November,2003,218,390,1027,0,54,"American Airlines Inc.,Continental Air Lines Inc.,Atlantic Coast Airlines,Delta Air Lines Inc.,Atlantic Southeast Airlines,AirTran Airways Corporation,America West Airlines Inc.,American Eagle Airlines Inc.,Northwest Airlines Inc.,ExpressJet Airlines Inc.,ATA Airlines d/b/a ATA,United Air Lines Inc.,US Airways Inc.",13,125,1692,17,6875,8709,11845,21497,44068,0,81901,4491
PHX,"Phoenix, AZ: Phoenix Sky Harbor International",2003/11,11,November,2003,495,652,1108,6,34,"American Airlines Inc.,Alaska Airlines Inc.,Continental Air Lines Inc.,Delta Air Lines Inc.,Hawaiian Airlines Inc.,America West Airlines Inc.,Northwest Airlines Inc.,SkyWest Airlines Inc.,ExpressJet Airlines Inc.,ATA Airlines d/b/a ATA,United Air Lines Inc.,US Airways Inc.,Southwest Airlines Co.",13,123,2294,9,11153,13579,26119,33232,33169,184,95079,2375
SAN,"San Diego, CA: San Diego International",2003/11,11,November,2003,321,376,564,2,19,"American Airlines Inc.,Alaska Airlines Inc.,JetBlue Airways,Continental Air Lines Inc.,Delta Air Lines Inc.,Hawaiian Airlines Inc.,America West Airlines Inc.,American Eagle Airlines Inc.,Northwest Airlines Inc.,SkyWest Airlines Inc.,United Air Lines Inc.,US Airways Inc.,Southwest Airlines Co.",13,55,1281,11,5438,6785,14437,18046,18067,51,51951,1350
SEA,"Seattle, WA: Seattle/Tacoma International",2003/11,11,November,2003,383,568,819,7,38,"American Airlines Inc.,Alaska Airlines Inc.,JetBlue Airways,Continental Air Lines Inc.,Delta Air Lines Inc.,Hawaiian Airlines Inc.,America West Airlines Inc.,Northwest Airlines Inc.,SkyWest Airlines Inc.,ATA Airlines d/b/a ATA,United Air Lines Inc.,US Airways Inc.,Southwest Airlines Co.",13,74,1813,21,6250,8158,19237,29962,25021,150,76593,2223
SFO,"San Francisco, CA: San Francisco International",2003/11,11,November,2003,474,384,1735,1,45,"American Airlines Inc.,Alaska Airlines Inc.,Continental Air Lines Inc.,Delta Air Lines Inc.,Hawaiian Airlines Inc.,America West Airlines Inc.,American Eagle Airlines Inc.,Northwest Airlines Inc.,SkyWest Airlines Inc.,ATA Airlines d/b/a ATA,United Air Lines Inc.,US Airways Inc.",12,111,2640,12,7205,9968,23068,23795,79934,53,129450,2600
SLC,"Salt Lake City, UT: Salt Lake City International",2003/11,11,November,2003,432,388,726,23,69,"American Airlines Inc.,JetBlue Airways,Continental Air Lines Inc.,Delta Air Lines Inc.,Atlantic Southeast Airlines,America West Airlines Inc.,Northwest Airlines Inc.,SkyWest Airlines Inc.,ExpressJet Airlines Inc.,United Air Lines Inc.,Southwest Airlines Co.",11,105,1637,6,8454,10202,19077,18475,22097,597,64303,4057
TPA,"Tampa, FL: Tampa International",2003/11,11,November,2003,203,275,259,1,18,"American Airlines Inc.,JetBlue Airways,Continental Air Lines Inc.,Delta Air Lines Inc.,AirTran Airways Corporation,America West Airlines Inc.,Northwest Airlines Inc.,United Air Lines Inc.,US Airways Inc.,Southwest Airlines Co.",10,12,757,6,4647,5422,9260,14720,7571,20,32929,1358
ATL,"Atlanta, GA: Hartsfield-Jackson Atlanta International",2003/12,12,December,2003,1303,1408,4277,24,271,"American Airlines Inc.,JetBlue Airways,Continental Air Lines Inc.,Delta Air Lines Inc.,Atlantic Southeast Airlines,AirTran Airways Corporation,America West Airlines Inc.,Northwest Airlines Inc.,ExpressJet Airlines Inc.,United Air Lines Inc.,US Airways Inc.",11,630,7284,12,23508,31434,79326,88823,237514,998,428346,21685
BOS,"Boston, MA: Logan International",2003/12,12,December,2003,435,655,1065,2,60,"American Airlines Inc.,Alaska Airlines Inc.,Continental Air Lines Inc.,Atlantic Coast Airlines,Delta Air Lines Inc.,Atlantic Southeast Airlines,AirTran Airways Corporation,America West Airlines Inc.,American Eagle Airlines Inc.,Northwest Airlines Inc.,ExpressJet Airlines Inc.,ATA Airlines d/b/a ATA,United Air Lines Inc.,US Airways Inc.",14,820,2216,29,6539,9604,25524,42351,50518,211,123583,4979
BWI,"Baltimore, MD: Baltimore/Washington International Thurgood Marshall",2003/12,12,December,2003,397,638,568,7,40,"American Airlines Inc.,Continental Air Lines Inc.,Delta Air Lines Inc.,AirTran Airways Corporation,America West Airlines Inc.,American Eagle Airlines Inc.,Northwest Airlines Inc.,ExpressJet Airlines Inc.,United Air Lines Inc.,US Airways Inc.,Southwest Airlines Co.",11,125,1652,15,6756,8548,17880,35518,20641,288,77398,3071
CLT,"Charlotte, NC: Charlotte Douglas International",2003/12,12,December,2003,317,523,540,2,25,"American Airlines Inc.,Continental Air Lines Inc.,Atlantic Coast Airlines,Delta Air Lines Inc.,Atlantic Southeast Airlines,American Eagle Airlines Inc.,Northwest Airlines Inc.,ExpressJet Airlines Inc.,ATA Airlines d/b/a ATA,United Air Lines Inc.,US Airways Inc.",11,134,1407,1,7468,9010,13285,26385,16119,211,57167,1167
DCA,"Washington, DC: Ronald Reagan Washington National",2003/12,12,December,2003,329,367,485,4,41,"American Airlines Inc.,Alaska Airlines Inc.,Continental Air Lines Inc.,Atlantic Coast Airlines,Delta Air Lines Inc.,Atlantic Southeast Airlines,AirTran Airways Corporation,America West Airlines Inc.,American Eagle Airlines Inc.,Northwest Airlines Inc.,ExpressJet Airlines Inc.,ATA Airlines d/b/a ATA,United Air Lines Inc.,US Airways Inc.",14,245,1223,4,5158,6630,15926,20075,15053,159,53993,2780
DEN,"Denver, CO: Denver International",2003/12,12,December,2003,969,516,629,10,102,"American Airlines Inc.,Alaska Airlines Inc.,JetBlue Airways,Continental Air Lines Inc.,Delta Air Lines Inc.,Atlantic Southeast Airlines,AirTran Airways Corporation,America West Airlines Inc.,Northwest Airlines Inc.,SkyWest Airlines Inc.,ExpressJet Airlines Inc.,ATA Airlines d/b/a ATA,United Air Lines Inc.,US Airways Inc.",14,110,2227,3,10319,12659,41114,30323,19967,359,98240,6477
DFW,"Dallas/Fort Worth, TX: Dallas/Fort Worth International",2003/12,12,December,2003,1046,1218,1975,24,221,"American Airlines Inc.,Continental Air Lines Inc.,Delta Air Lines Inc.,Atlantic Southeast Airlines,AirTran Airways Corporation,America West Airlines Inc.,American Eagle Airlines Inc.,Northwest Airlines Inc.,SkyWest Airlines Inc.,ExpressJet Airlines Inc.,ATA Airlines d/b/a ATA,United Air Lines Inc.,US Airways Inc.",13,370,4485,30,24484,29369,67349,62542,68126,944,213893,14932
DTW,"Detroit, MI: Detroit Metro Wayne County",2003/12,12,December,2003,503,510,996,9,66,"American Airlines Inc.,Continental Air Lines Inc.,Atlantic Coast Airlines,Delta Air Lines Inc.,Atlantic Southeast Airlines,America West Airlines Inc.,American Eagle Airlines Inc.,Northwest Airlines Inc.,ExpressJet Airlines Inc.,United Air Lines Inc.,US Airways Inc.,Southwest Airlines Co.",12,226,2085,7,9396,11714,27304,23990,28790,277,83818,3457
EWR,"Newark, NJ: Newark Liberty International",2003/12,12,December,2003,455,736,2538,15,125,"American Airlines Inc.,Alaska Airlines Inc.,Continental Air Lines Inc.,Atlantic Coast Airlines,Delta Air Lines Inc.,AirTran Airways Corporation,America West Airlines Inc.,American Eagle Airlines Inc.,Northwest Airlines Inc.,ExpressJet Airlines Inc.,ATA Airlines d/b/a ATA,United Air Lines Inc.,US Airways Inc.",13,843,3870,29,8233,12975,27159,48602,150067,468,238374,12078
FLL,"Fort Lauderdale, FL: Fort Lauderdale-Hollywood International",2003/12,12,December,2003,337,341,560,16,27,"American Airlines Inc.,JetBlue Airways,Continental Air Lines Inc.,Delta Air Lines Inc.,AirTran Airways Corporation,America West Airlines Inc.,American Eagle Airlines Inc.,Northwest Airlines Inc.,ATA Airlines d/b/a ATA,United Air Lines Inc.,US Airways Inc.,Southwest Airlines Co.",12,57,1283,4,4050,5394,15609,20525,25693,462,64746,2457
IAD,"Washington, DC: Washington Dulles International",2003/12,12,December,2003,393,481,595,2,47,"American Airlines Inc.,Alaska Airlines Inc.,JetBlue Airways,Continental Air Lines Inc.,Atlantic Coast Airlines,Delta Air Lines Inc.,AirTran Airways Corporation,America West Airlines Inc.,American Eagle Airlines Inc.,Northwest Airlines Inc.,ExpressJet Airlines Inc.,United Air Lines Inc.,US Airways Inc.",13,269,1519,10,6789,8587,20151,31153,26022,52,82010,4632
IAH,"Houston, TX: George Bush Intercontinental/Houston",2003/12,12,December,2003,523,718,1483,31,66,"American Airlines Inc.,Continental Air Lines Inc.,Delta Air Lines Inc.,Atlantic Southeast Airlines,America West Airlines Inc.,Northwest Airlines Inc.,SkyWest Airlines Inc.,ExpressJet Airlines Inc.,United Air Lines Inc.,US Airways Inc.,Southwest Airlines Co.",11,90,2819,62,13841,16812,30899,38071,47604,885,123568,6109
JFK,"New York, NY: John F. Kennedy International",2003/12,12,December,2003,387,401,587,13,33,"American Airlines Inc.,JetBlue Airways,Continental Air Lines Inc.,Atlantic Coast Airlines,Delta Air Lines Inc.,Atlantic Southeast Airlines,America West Airlines Inc.,American Eagle Airlines Inc.,Northwest Airlines Inc.,ExpressJet Airlines Inc.,United Air Lines Inc.",11,230,1421,14,4836,6501,22344,25992,26441,379,78139,2983
LAS,"Las Vegas, NV: McCarran International",2003/12,12,December,2003,646,1001,863,10,85,"American Airlines Inc.,Alaska Airlines Inc.,JetBlue Airways,Continental Air Lines Inc.,Delta Air Lines Inc.,Atlantic Southeast Airlines,Hawaiian Airlines Inc.,America West Airlines Inc.,Northwest Airlines Inc.,SkyWest Airlines Inc.,ATA Airlines d/b/a ATA,United Air Lines Inc.,US Airways Inc.,Southwest Airlines Co.",14,104,2603,17,9709,12433,29901,49205,33993,508,120231,6624
LAX,"Los Angeles, CA: Los Angeles International",2003/12,12,December,2003,1223,1065,1145,22,164,"American Airlines Inc.,Alaska Airlines Inc.,Continental Air Lines Inc.,Delta Air Lines Inc.,Hawaiian Airlines Inc.,America West Airlines Inc.,American Eagle Airlines Inc.,Northwest Airlines Inc.,SkyWest Airlines Inc.,ATA Airlines d/b/a ATA,United Air Lines Inc.,US Airways Inc.,Southwest Airlines Co.",13,283,3619,17,15533,19452,58720,54450,38180,777,163684,11557
LGA,"New York, NY: LaGuardia",2003/12,12,December,2003,381,599,1696,3,89,"American Airlines Inc.,Continental Air Lines Inc.,Atlantic Coast Airlines,Delta Air Lines Inc.,AirTran Airways Corporation,American Eagle Airlines Inc.,Northwest Airlines Inc.,ExpressJet Airlines Inc.,ATA Airlines d/b/a ATA,United Air Lines Inc.,US Airways Inc.",11,689,2767,57,5548,9061,24430,40488,91835,100,164964,8111
MCO,"Orlando, FL: Orlando International",2003/12,12,December,2003,463,516,577,11,47,"American Airlines Inc.,Alaska Airlines Inc.,JetBlue Airways,Continental Air Lines Inc.,Delta Air Lines Inc.,AirTran Airways Corporation,America West Airlines Inc.,American Eagle Airlines Inc.,Northwest Airlines Inc.,ATA Airlines d/b/a ATA,United Air Lines Inc.,US Airways Inc.,Southwest Airlines Co.",13,80,1614,10,6426,8130,21291,31277,22914,433,79580,3665
MDW,"Chicago, IL: Chicago Midway International",2003/12,12,December,2003,228,506,522,12,31,"American Airlines Inc.,Continental Air Lines Inc.,Atlantic Coast Airlines,Delta Air Lines Inc.,AirTran Airways Corporation,Northwest Airlines Inc.,ExpressJet Airlines Inc.,ATA Airlines d/b/a ATA,Southwest Airlines Co.",9,115,1300,7,6050,7472,11196,27136,18559,331,58863,1641
MIA,"Miami, FL: Miami International",2003/12,12,December,2003,364,259,575,13,72,"American Airlines Inc.,Alaska Airlines Inc.,Continental Air Lines Inc.,Delta Air Lines Inc.,Atlantic Southeast Airlines,AirTran Airways Corporation,America West Airlines Inc.,American Eagle Airlines Inc.,Northwest Airlines Inc.,ExpressJet Airlines Inc.,ATA Airlines d/b/a ATA,United Air Lines Inc.,US Airways Inc.",13,54,1283,7,4164,5508,19605,16869,21984,490,64961,6013
MSP,"Minneapolis, MN: Minneapolis-St Paul International",2003/12,12,December,2003,585,528,1321,24,76,"American Airlines Inc.,Continental Air Lines Inc.,Delta Air Lines Inc.,AirTran Airways Corporation,America West Airlines Inc.,Northwest Airlines Inc.,SkyWest Airlines Inc.,ExpressJet Airlines Inc.,ATA Airlines d/b/a ATA,United Air Lines Inc.,US Airways Inc.",11,200,2530,9,9291,12030,33026,26926,39680,709,104818,4477
ORD,"Chicago, IL: Chicago O'Hare International",2003/12,12,December,2003,1146,2311,8292,11,254,"American Airlines Inc.,Alaska Airlines Inc.,Continental Air Lines Inc.,Atlantic Coast Airlines,Delta Air Lines Inc.,Atlantic Southeast Airlines,America West Airlines Inc.,American Eagle Airlines Inc.,Northwest Airlines Inc.,SkyWest Airlines Inc.,ExpressJet Airlines Inc.,United Air Lines Inc.,US Airways Inc.",13,1034,12012,12,19638,32696,75506,136636,394549,559,624499,17249
PDX,"Portland, OR: Portland International",2003/12,12,December,2003,312,405,338,5,38,"American Airlines Inc.,Alaska Airlines Inc.,Continental Air Lines Inc.,Delta Air Lines Inc.,Hawaiian Airlines Inc.,America West Airlines Inc.,Northwest Airlines Inc.,SkyWest Airlines Inc.,United Air Lines Inc.,Southwest Airlines Co.",10,39,1096,10,3593,4738,14317,19287,10355,135,46126,2032
PHL,"Philadelphia, PA: Philadelphia International",2003/12,12,December,2003,376,576,1211,2,49,"American Airlines Inc.,Continental Air Lines Inc.,Atlantic Coast Airlines,Delta Air Lines Inc.,Atlantic Southeast Airlines,AirTran Airways Corporation,America West Airlines Inc.,American Eagle Airlines Inc.,Northwest Airlines Inc.,ExpressJet Airlines Inc.,ATA Airlines d/b/a ATA,United Air Lines Inc.,US Airways Inc.",13,263,2215,19,6582,9079,17036,36787,55663,86,114072,4500
PHX,"Phoenix, AZ: Phoenix Sky Harbor International",2003/12,12,December,2003,728,791,673,12,68,"American Airlines Inc.,Alaska Airlines Inc.,Continental Air Lines Inc.,Delta Air Lines Inc.,Hawaiian Airlines Inc.,America West Airlines Inc.,Northwest Airlines Inc.,SkyWest Airlines Inc.,ExpressJet Airlines Inc.,ATA Airlines d/b/a ATA,United Air Lines Inc.,US Airways Inc.,Southwest Airlines Co.",13,157,2272,9,11729,14167,35856,39342,21005,256,102381,5922
SAN,"San Diego, CA: San Diego International",2003/12,12,December,2003,491,500,484,5,68,"American Airlines Inc.,Alaska Airlines Inc.,JetBlue Airways,Continental Air Lines Inc.,Delta Air Lines Inc.,Hawaiian Airlines Inc.,America West Airlines Inc.,American Eagle Airlines Inc.,Northwest Airlines Inc.,SkyWest Airlines Inc.,United Air Lines Inc.,US Airways Inc.,Southwest Airlines Co.",13,88,1549,29,5482,7148,20827,25001,15674,203,66906,5201
SEA,"Seattle, WA: Seattle/Tacoma International",2003/12,12,December,2003,552,726,640,8,53,"American Airlines Inc.,Alaska Airlines Inc.,JetBlue Airways,Continental Air Lines Inc.,Delta Air Lines Inc.,Hawaiian Airlines Inc.,America West Airlines Inc.,Northwest Airlines Inc.,SkyWest Airlines Inc.,ATA Airlines d/b/a ATA,United Air Lines Inc.,US Airways Inc.,Southwest Airlines Co.",13,82,1980,13,6616,8691,25084,38695,20363,195,87174,2837
SFO,"San Francisco, CA: San Francisco International",2003/12,12,December,2003,612,562,2186,13,102,"American Airlines Inc.,Alaska Airlines Inc.,Continental Air Lines Inc.,Delta Air Lines Inc.,Hawaiian Airlines Inc.,America West Airlines Inc.,American Eagle Airlines Inc.,Northwest Airlines Inc.,SkyWest Airlines Inc.,ATA Airlines d/b/a ATA,United Air Lines Inc.,US Airways Inc.",12,208,3474,12,6951,10645,31356,36626,127523,307,202376,6564
SLC,"Salt Lake City, UT: Salt Lake City International",2003/12,12,December,2003,846,578,868,21,282,"American Airlines Inc.,JetBlue Airways,Continental Air Lines Inc.,Delta Air Lines Inc.,Atlantic Southeast Airlines,America West Airlines Inc.,Northwest Airlines Inc.,SkyWest Airlines Inc.,ExpressJet Airlines Inc.,United Air Lines Inc.,Southwest Airlines Co.",11,401,2594,23,7791,10809,42955,34139,43500,675,150262,28993
TPA,"Tampa, FL: Tampa International",2003/12,12,December,2003,328,387,379,3,24,"American Airlines Inc.,JetBlue Airways,Continental Air Lines Inc.,Delta Air Lines Inc.,AirTran Airways Corporation,America West Airlines Inc.,Northwest Airlines Inc.,United Air Lines Inc.,US Airways Inc.,Southwest Airlines Co.",10,59,1119,3,4587,5768,13982,20192,13761,113,49842,1794
